,date,patient_SSN,room_number,stay_start,stay_end
0,2020-01-01,500000076,610,2020-01-01,2020-01-04
1,2020-01-01,500000089,609,2020-01-01,2020-01-05
2,2020-01-01,500000062,209,2020-01-01,2020-01-04
3,2020-01-02,500000036,304,2020-01-02,2020-01-05
4,2020-01-02,500000033,602,2020-01-02,2020-01-05
5,2020-01-02,500000055,506,2020-01-02,2020-01-05
6,2020-01-02,500000028,204,2020-01-02,2020-01-05
7,2020-01-03,500000011,405,2020-01-03,2020-01-07
8,2020-01-03,500000020,310,2020-01-03,2020-01-07
9,2020-01-03,500000040,108,2020-01-03,2020-01-07
10,2020-01-03,500000043,509,2020-01-03,2020-01-07
11,2020-01-03,500000092,103,2020-01-03,2020-01-06
12,2020-01-04,500000082,107,2020-01-04,2020-01-08
13,2020-01-04,500000019,409,2020-01-04,2020-01-07
14,2020-01-04,500000061,303,2020-01-04,2020-01-07
15,2020-01-05,500000013,408,2020-01-05,2020-01-08
16,2020-01-05,500000101,402,2020-01-05,2020-01-12
17,2020-01-06,500000060,301,2020-01-06,2020-01-09
18,2020-01-06,500000039,607,2020-01-06,2020-01-09
19,2020-01-06,500000102,101,2020-01-06,2020-01-10
20,2020-01-06,500000068,209,2020-01-06,2020-01-09
21,2020-01-08,500000045,306,2020-01-08,2020-01-11
22,2020-01-08,500000024,502,2020-01-08,2020-01-13
23,2020-01-08,500000026,410,2020-01-08,2020-01-14
24,2020-01-09,500000029,309,2020-01-09,2020-01-14
25,2020-01-09,500000055,605,2020-01-09,2020-01-11
26,2020-01-09,500000105,210,2020-01-09,2020-01-14
27,2020-01-09,500000074,203,2020-01-09,2020-02-06
28,2020-01-09,500000091,302,2020-01-09,2020-01-14
29,2020-01-09,500000073,510,2020-01-09,2020-01-12
30,2020-01-09,500000057,610,2020-01-09,2020-01-13
31,2020-01-09,500000050,305,2020-01-09,2020-01-12
32,2020-01-09,500000081,310,2020-01-09,2020-01-12
33,2020-01-09,500000038,606,2020-01-09,2020-01-12
34,2020-01-10,500000035,503,2020-01-10,2020-01-14
35,2020-01-10,500000031,406,2020-01-10,2020-01-13
36,2020-01-10,500000053,104,2020-01-10,2020-01-14
37,2020-01-10,500000090,209,2020-01-10,2020-01-14
38,2020-01-10,500000062,601,2020-01-10,2020-01-13
39,2020-01-10,500000025,304,2020-01-10,2020-01-14
40,2020-01-10,500000068,409,2020-01-10,2020-01-14
41,2020-01-11,500000034,307,2020-01-11,2020-01-14
42,2020-01-11,500000067,407,2020-01-11,2020-01-15
43,2020-01-11,500000064,504,2020-01-11,2020-01-14
44,2020-01-11,500000096,604,2020-01-11,2020-01-15
45,2020-01-11,500000070,105,2020-01-11,2020-01-14
46,2020-01-11,500000041,308,2020-01-11,2020-01-15
47,2020-01-12,500000028,205,2020-01-12,2020-01-15
48,2020-01-13,500000040,605,2020-01-13,2020-01-18
49,2020-01-13,500000086,402,2020-01-13,2020-01-16
50,2020-01-13,500000023,109,2020-01-13,2020-01-16
51,2020-01-13,500000050,508,2020-01-13,2020-01-20
52,2020-01-13,500000101,103,2020-01-13,2020-01-16
53,2020-01-13,500000020,106,2020-01-13,2020-01-16
54,2020-01-13,500000077,405,2020-01-13,2020-01-16
55,2020-01-14,500000099,509,2020-01-14,2020-01-17
56,2020-01-15,500000035,310,2020-01-15,2020-01-19
57,2020-01-15,500000029,101,2020-01-15,2020-01-18
58,2020-01-16,500000105,304,2020-01-16,2020-01-23
59,2020-01-16,500000036,609,2020-01-16,2020-01-19
60,2020-01-16,500000026,303,2020-01-16,2020-01-19
61,2020-01-16,500000027,302,2020-01-16,2020-01-19
62,2020-01-16,500000055,209,2020-01-16,2020-01-19
63,2020-01-17,500000021,103,2020-01-17,2020-01-22
64,2020-01-17,500000011,406,2020-01-17,2020-01-21
65,2020-01-17,500000057,308,2020-01-17,2020-01-20
66,2020-01-17,500000080,108,2020-01-17,2020-01-20
67,2020-01-17,500000070,402,2020-01-17,2020-01-20
68,2020-01-17,500000079,201,2020-01-17,2020-01-22
69,2020-01-17,500000088,408,2020-01-17,2020-01-20
70,2020-01-17,500000049,307,2020-01-17,2020-01-20
71,2020-01-17,500000096,502,2020-01-17,2020-01-20
72,2020-01-18,500000018,409,2020-01-18,2020-01-22
73,2020-01-18,500000061,504,2020-01-18,2020-01-22
74,2020-01-19,500000098,404,2020-01-19,2020-01-23
75,2020-01-19,500000068,106,2020-01-19,2020-01-23
76,2020-01-19,500000020,610,2020-01-19,2020-01-24
77,2020-01-20,500000089,110,2020-01-20,2020-01-24
78,2020-01-20,500000037,604,2020-01-20,2020-01-27
79,2020-01-20,500000073,309,2020-01-20,2020-01-24
80,2020-01-20,500000053,306,2020-01-20,2020-01-24
81,2020-01-20,500000071,109,2020-01-20,2020-01-23
82,2020-01-23,500000048,504,2020-01-23,2020-03-11
83,2020-01-23,500000025,303,2020-01-23,2020-01-27
84,2020-01-23,500000085,202,2020-01-23,2020-01-29
85,2020-01-24,500000101,101,2020-01-24,2020-01-31
86,2020-01-24,500000056,401,2020-01-24,2020-01-30
87,2020-01-24,500000066,510,2020-01-24,2020-01-28
88,2020-01-24,500000035,502,2020-01-24,2020-01-27
89,2020-01-24,500000034,304,2020-01-24,2020-01-27
90,2020-01-24,500000102,407,2020-01-24,2020-01-27
91,2020-01-24,500000043,302,2020-01-24,2020-01-27
92,2020-01-24,500000077,405,2020-01-24,2020-01-27
93,2020-01-25,500000019,607,2020-01-25,2020-01-29
94,2020-01-25,500000099,109,2020-01-25,2020-01-28
95,2020-01-25,500000098,306,2020-01-25,2020-01-29
96,2020-01-25,500000097,509,2020-01-25,2020-01-30
97,2020-01-25,500000052,209,2020-01-25,2020-01-28
98,2020-01-25,500000084,503,2020-01-25,2020-01-29
99,2020-01-26,500000078,207,2020-01-26,2020-01-29
100,2020-01-27,500000021,610,2020-01-27,2020-01-30
101,2020-01-27,500000042,108,2020-01-27,2020-01-30
102,2020-01-28,500000025,103,2020-01-28,2020-01-31
103,2020-01-29,500000106,106,2020-01-29,2020-02-01
104,2020-01-29,500000014,309,2020-01-29,2020-02-01
105,2020-01-30,500000049,201,2020-01-30,2020-02-02
106,2020-01-30,500000092,105,2020-01-30,2020-02-03
107,2020-01-30,500000023,508,2020-01-30,2020-02-02
108,2020-01-30,500000100,210,2020-01-30,2020-02-02
109,2020-01-31,500000013,605,2020-01-31,2020-02-05
110,2020-01-31,500000022,607,2020-01-31,2020-02-03
111,2020-01-31,500000078,110,2020-01-31,2020-02-04
112,2020-01-31,500000057,306,2020-01-31,2020-02-05
113,2020-01-31,500000068,104,2020-01-31,2020-02-03
114,2020-01-31,500000045,305,2020-01-31,2020-02-03
115,2020-02-01,500000076,501,2020-02-01,2020-02-05
116,2020-02-01,500000059,101,2020-02-01,2020-02-05
117,2020-02-01,500000072,610,2020-02-01,2020-02-04
118,2020-02-01,500000010,207,2020-02-01,2020-02-05
119,2020-02-01,500000032,602,2020-02-01,2020-02-05
120,2020-02-01,500000099,404,2020-02-01,2020-02-04
121,2020-02-03,500000090,603,2020-02-03,2020-02-06
122,2020-02-03,500000065,106,2020-02-03,2020-02-06
123,2020-02-03,500000058,206,2020-02-03,2020-02-06
124,2020-02-04,500000079,205,2020-02-04,2020-02-07
125,2020-02-04,500000021,401,2020-02-04,2020-02-07
126,2020-02-05,500000092,406,2020-02-05,2020-02-09
127,2020-02-05,500000030,608,2020-02-05,2020-02-09
128,2020-02-05,500000044,108,2020-02-05,2020-02-17
129,2020-02-06,500000105,602,2020-02-06,2020-02-09
130,2020-02-06,500000073,407,2020-02-06,2020-02-09
131,2020-02-06,500000027,303,2020-02-06,2020-02-09
132,2020-02-06,500000091,607,2020-02-06,2020-02-09
133,2020-02-06,500000064,310,2020-02-06,2020-02-09
134,2020-02-07,500000062,302,2020-02-07,2020-02-10
135,2020-02-07,500000097,507,2020-02-07,2020-02-10
136,2020-02-07,500000100,103,2020-02-07,2020-02-13
137,2020-02-07,500000013,104,2020-02-07,2020-02-13
138,2020-02-07,500000020,410,2020-02-07,2020-02-12
139,2020-02-07,500000050,106,2020-02-07,2020-02-10
140,2020-02-07,500000071,506,2020-02-07,2020-02-12
141,2020-02-07,500000088,403,2020-02-07,2020-02-12
142,2020-02-07,500000101,402,2020-02-07,2020-02-10
143,2020-02-08,500000067,405,2020-02-08,2020-02-11
144,2020-02-08,500000082,501,2020-02-08,2020-02-11
145,2020-02-08,500000045,102,2020-02-08,2020-02-12
146,2020-02-10,500000095,509,2020-02-10,2020-02-14
147,2020-02-10,500000034,609,2020-02-10,2020-02-13
148,2020-02-10,500000070,605,2020-02-10,2020-02-13
149,2020-02-10,500000018,308,2020-02-10,2020-02-13
150,2020-02-11,500000025,601,2020-02-11,2020-02-14
151,2020-02-12,500000087,105,2020-02-12,2020-02-17
152,2020-02-12,500000085,502,2020-02-12,2020-02-16
153,2020-02-12,500000047,307,2020-02-12,2020-02-16
154,2020-02-13,500000053,405,2020-02-13,2020-02-16
155,2020-02-13,500000059,407,2020-02-13,2020-02-16
156,2020-02-14,500000070,203,2020-02-14,2020-02-17
157,2020-02-14,500000080,301,2020-02-14,2020-02-18
158,2020-02-14,500000093,604,2020-02-14,2020-02-20
159,2020-02-14,500000049,605,2020-02-14,2020-03-30
160,2020-02-15,500000096,305,2020-02-15,2020-02-21
161,2020-02-15,500000042,507,2020-02-15,2020-02-20
162,2020-02-15,500000028,401,2020-02-15,2020-02-18
163,2020-02-16,500000033,202,2020-02-16,2020-02-19
164,2020-02-16,500000079,403,2020-02-16,2020-02-20
165,2020-02-17,500000098,304,2020-02-17,2020-02-20
166,2020-02-17,500000055,404,2020-02-17,2020-02-20
167,2020-02-17,500000023,603,2020-02-17,2020-02-21
168,2020-02-19,500000035,506,2020-02-19,2020-02-23
169,2020-02-19,500000058,302,2020-02-19,2020-02-22
170,2020-02-20,500000105,505,2020-02-20,2020-02-23
171,2020-02-20,500000076,201,2020-02-20,2020-02-24
172,2020-02-20,500000036,307,2020-02-20,2020-02-24
173,2020-02-20,500000030,609,2020-02-20,2020-02-26
174,2020-02-20,500000108,501,2020-02-20,2020-02-23
175,2020-02-21,500000106,410,2020-02-21,2020-02-24
176,2020-02-21,500000104,508,2020-02-21,2020-02-25
177,2020-02-21,500000017,404,2020-02-21,2020-02-24
178,2020-02-21,500000054,610,2020-02-21,2020-02-24
179,2020-02-21,500000019,109,2020-02-21,2020-02-26
180,2020-02-21,500000039,101,2020-02-21,2020-02-24
181,2020-02-22,500000057,402,2020-02-22,2020-02-27
182,2020-02-22,500000031,305,2020-02-22,2020-02-27
183,2020-02-22,500000082,602,2020-02-22,2020-02-26
184,2020-02-22,500000045,304,2020-02-22,2020-02-26
185,2020-02-22,500000063,601,2020-02-22,2020-02-28
186,2020-02-22,500000096,306,2020-02-22,2020-02-27
187,2020-02-22,500000090,406,2020-02-22,2020-02-27
188,2020-02-23,500000095,407,2020-02-23,2020-02-26
189,2020-02-23,500000061,509,2020-02-23,2020-02-27
190,2020-02-23,500000026,209,2020-02-23,2020-02-28
191,2020-02-24,500000078,604,2020-02-24,2020-02-27
192,2020-02-24,500000025,208,2020-02-24,2020-02-28
193,2020-02-24,500000050,102,2020-02-24,2020-02-28
194,2020-02-24,500000084,202,2020-02-24,2020-02-27
195,2020-02-24,500000069,502,2020-02-24,2020-02-27
196,2020-02-24,500000085,503,2020-02-24,2020-02-26
197,2020-02-24,500000047,103,2020-02-24,2020-02-29
198,2020-02-24,500000034,104,2020-02-24,2020-02-29
199,2020-02-24,500000011,302,2020-02-24,2020-02-29
200,2020-02-24,500000022,603,2020-02-24,2020-02-27
201,2020-02-25,500000051,505,2020-02-25,2020-02-29
202,2020-02-26,500000071,207,2020-02-26,2020-02-29
203,2020-02-26,500000104,410,2020-02-26,2020-02-29
204,2020-02-26,500000046,110,2020-02-26,2020-02-29
205,2020-02-27,500000012,507,2020-02-27,2020-03-01
206,2020-02-27,500000105,602,2020-02-27,2020-03-02
207,2020-02-27,500000056,105,2020-02-27,2020-03-03
208,2020-02-27,500000092,206,2020-02-27,2020-03-01
209,2020-02-28,500000074,109,2020-02-28,2020-03-03
210,2020-02-28,500000036,608,2020-02-28,2020-03-02
211,2020-02-28,500000060,307,2020-02-28,2020-03-04
212,2020-02-28,500000078,310,2020-02-28,2020-03-15
213,2020-02-28,500000085,503,2020-02-28,2020-03-02
214,2020-02-28,500000024,506,2020-02-28,2020-03-03
215,2020-02-28,500000041,607,2020-02-28,2020-03-04
216,2020-02-28,500000095,402,2020-02-28,2020-03-03
217,2020-02-28,500000054,306,2020-02-28,2020-03-03
218,2020-02-29,500000023,403,2020-02-29,2020-03-03
219,2020-02-29,500000043,610,2020-02-29,2020-03-04
220,2020-02-29,500000080,102,2020-02-29,2020-03-04
221,2020-02-29,500000031,303,2020-02-29,2020-03-04
222,2020-03-02,500000045,510,2020-03-02,2020-03-06
223,2020-03-02,500000009,304,2020-03-02,2020-03-05
224,2020-03-02,500000025,410,2020-03-02,2020-03-05
225,2020-03-02,500000093,207,2020-03-02,2020-03-06
226,2020-03-02,500000075,107,2020-03-02,2020-03-06
227,2020-03-02,500000106,201,2020-03-02,2020-03-05
228,2020-03-03,500000050,407,2020-03-03,2020-03-06
229,2020-03-04,500000098,406,2020-03-04,2020-03-07
230,2020-03-05,500000088,105,2020-03-05,2020-03-09
231,2020-03-05,500000077,503,2020-03-05,2020-03-08
232,2020-03-05,500000089,604,2020-03-05,2020-03-09
233,2020-03-05,500000067,204,2020-03-05,2020-03-09
234,2020-03-05,500000010,202,2020-03-05,2020-03-08
235,2020-03-05,500000107,309,2020-03-05,2020-03-09
236,2020-03-05,500000057,308,2020-03-05,2020-03-08
237,2020-03-05,500000028,607,2020-03-05,2020-03-07
238,2020-03-06,500000085,506,2020-03-06,2020-03-09
239,2020-03-06,500000011,301,2020-03-06,2020-03-09
240,2020-03-06,500000065,609,2020-03-06,2020-03-11
241,2020-03-06,500000079,409,2020-03-06,2020-03-10
242,2020-03-06,500000102,103,2020-03-06,2020-03-08
243,2020-03-06,500000068,608,2020-03-06,2020-03-09
244,2020-03-06,500000033,106,2020-03-06,2020-03-09
245,2020-03-06,500000031,208,2020-03-06,2020-03-13
246,2020-03-06,500000051,205,2020-03-06,2020-03-11
247,2020-03-07,500000093,408,2020-03-07,2020-03-12
248,2020-03-07,500000080,201,2020-03-07,2020-03-10
249,2020-03-07,500000017,410,2020-03-07,2020-03-12
250,2020-03-07,500000039,606,2020-03-07,2020-03-11
251,2020-03-08,500000062,303,2020-03-08,2020-03-13
252,2020-03-09,500000061,307,2020-03-09,2020-03-13
253,2020-03-09,500000055,108,2020-03-09,2020-03-12
254,2020-03-09,500000097,210,2020-03-09,2020-03-12
255,2020-03-09,500000012,109,2020-03-09,2020-03-13
256,2020-03-12,500000032,104,2020-03-12,2020-03-16
257,2020-03-12,500000065,205,2020-03-12,2020-03-15
258,2020-03-12,500000047,201,2020-03-12,2020-03-17
259,2020-03-12,500000046,505,2020-03-12,2020-03-15
260,2020-03-12,500000057,508,2020-03-12,2020-03-16
261,2020-03-12,500000104,405,2020-03-12,2020-03-14
262,2020-03-12,500000087,306,2020-03-12,2020-03-16
263,2020-03-13,500000017,110,2020-03-13,2020-03-16
264,2020-03-13,500000096,607,2020-03-13,2020-03-15
265,2020-03-13,500000043,309,2020-03-13,2020-03-16
266,2020-03-13,500000021,408,2020-03-13,2020-03-16
267,2020-03-13,500000048,106,2020-03-13,2020-03-16
268,2020-03-13,500000027,504,2020-03-13,2020-03-18
269,2020-03-13,500000076,108,2020-03-13,2020-03-16
270,2020-03-14,500000108,509,2020-03-14,2020-03-18
271,2020-03-14,500000068,409,2020-03-14,2020-03-19
272,2020-03-14,500000029,208,2020-03-14,2020-03-17
273,2020-03-15,500000010,302,2020-03-15,2020-03-18
274,2020-03-16,500000088,207,2020-03-16,2020-03-19
275,2020-03-16,500000019,503,2020-03-16,2020-03-19
276,2020-03-16,500000103,109,2020-03-16,2020-03-19
277,2020-03-16,500000061,101,2020-03-16,2020-03-20
278,2020-03-17,500000030,401,2020-03-17,2020-06-03
279,2020-03-17,500000096,305,2020-03-17,2020-03-20
280,2020-03-17,500000035,602,2020-03-17,2020-03-21
281,2020-03-18,500000057,403,2020-03-18,2020-03-23
282,2020-03-19,500000009,410,2020-03-19,2020-03-22
283,2020-03-19,500000050,406,2020-03-19,2020-06-27
284,2020-03-19,500000052,103,2020-03-19,2020-03-23
285,2020-03-19,500000075,208,2020-03-19,2020-03-22
286,2020-03-20,500000095,608,2020-03-20,2020-03-24
287,2020-03-20,500000108,404,2020-03-20,2020-03-23
288,2020-03-20,500000045,501,2020-03-20,2020-03-23
289,2020-03-21,500000010,106,2020-03-21,2020-03-24
290,2020-03-21,500000059,207,2020-03-21,2020-03-25
291,2020-03-23,500000062,601,2020-03-23,2020-03-28
292,2020-03-23,500000081,107,2020-03-23,2020-03-26
293,2020-03-23,500000078,105,2020-03-23,2020-03-26
294,2020-03-23,500000040,607,2020-03-23,2020-03-26
295,2020-03-24,500000048,507,2020-03-24,2020-03-29
296,2020-03-25,500000020,504,2020-03-25,2020-03-30
297,2020-03-26,500000023,102,2020-03-26,2020-03-28
298,2020-03-26,500000096,108,2020-03-26,2020-03-29
299,2020-03-26,500000106,202,2020-03-26,2020-03-29
300,2020-03-26,500000101,510,2020-03-26,2020-03-29
301,2020-03-26,500000043,208,2020-03-26,2020-03-29
302,2020-03-26,500000083,410,2020-03-26,2020-03-29
303,2020-03-26,500000090,302,2020-03-26,2020-03-29
304,2020-03-26,500000036,604,2020-03-26,2020-03-30
305,2020-03-27,500000066,205,2020-03-27,2020-03-30
306,2020-03-27,500000009,505,2020-03-27,2020-03-31
307,2020-03-27,500000086,501,2020-03-27,2020-03-30
308,2020-03-28,500000087,310,2020-03-28,2020-03-31
309,2020-03-28,500000047,304,2020-03-28,2020-04-01
310,2020-03-28,500000052,508,2020-03-28,2020-03-31
311,2020-03-28,500000027,303,2020-03-28,2020-04-03
312,2020-03-28,500000038,603,2020-03-28,2020-03-31
313,2020-03-28,500000034,104,2020-03-28,2020-04-01
314,2020-03-28,500000015,206,2020-03-28,2020-04-03
315,2020-03-29,500000054,308,2020-03-29,2020-04-01
316,2020-03-30,500000018,110,2020-03-30,2020-04-03
317,2020-03-30,500000039,307,2020-03-30,2020-04-02
318,2020-03-30,500000048,509,2020-03-30,2020-04-03
319,2020-03-30,500000092,305,2020-03-30,2020-04-02
320,2020-03-30,500000040,301,2020-03-30,2020-04-02
321,2020-03-30,500000099,507,2020-03-30,2020-04-04
322,2020-03-31,500000016,105,2020-03-31,2020-04-04
323,2020-03-31,500000076,204,2020-03-31,2020-04-03
324,2020-04-01,500000028,404,2020-04-01,2020-04-05
325,2020-04-01,500000059,503,2020-04-01,2020-04-04
326,2020-04-02,500000103,302,2020-04-02,2020-04-05
327,2020-04-02,500000080,607,2020-04-02,2020-04-05
328,2020-04-02,500000061,601,2020-04-02,2020-04-05
329,2020-04-02,500000017,610,2020-04-02,2020-04-06
330,2020-04-03,500000060,403,2020-04-03,2020-04-06
331,2020-04-03,500000095,605,2020-04-03,2020-04-08
332,2020-04-03,500000041,104,2020-04-03,2020-04-07
333,2020-04-04,500000074,409,2020-04-04,2020-04-08
334,2020-04-04,500000108,309,2020-04-04,2020-04-08
335,2020-04-04,500000096,402,2020-04-04,2020-04-08
336,2020-04-04,500000025,308,2020-04-04,2020-04-07
337,2020-04-05,500000077,410,2020-04-05,2020-04-08
338,2020-04-06,500000065,408,2020-04-06,2020-04-09
339,2020-04-06,500000062,109,2020-04-06,2020-04-10
340,2020-04-06,500000051,603,2020-04-06,2020-04-10
341,2020-04-06,500000099,108,2020-04-06,2020-04-10
342,2020-04-06,500000068,504,2020-04-06,2020-04-10
343,2020-04-06,500000023,604,2020-04-06,2020-04-09
344,2020-04-06,500000021,501,2020-04-06,2020-04-09
345,2020-04-06,500000058,304,2020-04-06,2020-04-11
346,2020-04-07,500000042,608,2020-04-07,2020-04-13
347,2020-04-08,500000105,405,2020-04-08,2020-04-11
348,2020-04-08,500000100,202,2020-04-08,2020-04-12
349,2020-04-08,500000067,510,2020-04-08,2020-04-11
350,2020-04-09,500000057,601,2020-04-09,2020-04-12
351,2020-04-09,500000098,502,2020-04-09,2020-04-25
352,2020-04-09,500000045,102,2020-04-09,2020-04-12
353,2020-04-09,500000059,303,2020-04-09,2020-04-13
354,2020-04-09,500000077,308,2020-04-09,2020-04-12
355,2020-04-09,500000106,207,2020-04-09,2020-04-12
356,2020-04-09,500000076,208,2020-04-09,2020-04-12
357,2020-04-09,500000064,505,2020-04-09,2020-04-14
358,2020-04-09,500000015,205,2020-04-09,2020-04-13
359,2020-04-10,500000017,409,2020-04-10,2020-04-14
360,2020-04-10,500000026,107,2020-04-10,2020-04-13
361,2020-04-10,500000036,307,2020-04-10,2020-04-13
362,2020-04-10,500000023,106,2020-04-10,2020-04-13
363,2020-04-10,500000060,408,2020-04-10,2020-04-13
364,2020-04-10,500000037,407,2020-04-10,2020-04-14
365,2020-04-10,500000083,302,2020-04-10,2020-04-16
366,2020-04-11,500000021,606,2020-04-11,2020-04-14
367,2020-04-11,500000016,108,2020-04-11,2020-04-14
368,2020-04-11,500000070,402,2020-04-11,2020-04-14
369,2020-04-11,500000107,607,2020-04-11,2020-04-14
370,2020-04-12,500000071,306,2020-04-12,2020-04-16
371,2020-04-13,500000077,104,2020-04-13,2020-04-18
372,2020-04-13,500000019,603,2020-04-13,2020-04-16
373,2020-04-13,500000078,504,2020-04-13,2020-04-17
374,2020-04-13,500000027,102,2020-04-13,2020-04-16
375,2020-04-13,500000087,203,2020-04-13,2020-04-16
376,2020-04-14,500000059,204,2020-04-14,2020-04-18
377,2020-04-14,500000104,403,2020-04-14,2020-04-18
378,2020-04-15,500000064,106,2020-04-15,2020-04-19
379,2020-04-16,500000095,508,2020-04-16,2020-04-19
380,2020-04-16,500000029,105,2020-04-16,2020-04-20
381,2020-04-16,500000067,510,2020-04-16,2020-04-19
382,2020-04-16,500000084,605,2020-04-16,2020-04-19
383,2020-04-16,500000068,409,2020-04-16,2020-04-19
384,2020-04-16,500000069,202,2020-04-16,2020-04-18
385,2020-04-16,500000058,402,2020-04-16,2020-04-20
386,2020-04-16,500000085,407,2020-04-16,2020-04-19
387,2020-04-16,500000039,109,2020-04-16,2020-04-19
388,2020-04-17,500000056,506,2020-04-17,2020-04-21
389,2020-04-17,500000055,607,2020-04-17,2020-04-21
390,2020-04-17,500000097,302,2020-04-17,2020-04-21
391,2020-04-17,500000010,604,2020-04-17,2020-04-20
392,2020-04-17,500000020,108,2020-04-17,2020-04-21
393,2020-04-17,500000100,210,2020-04-17,2020-04-21
394,2020-04-18,500000031,601,2020-04-18,2020-04-21
395,2020-04-18,500000015,209,2020-04-18,2020-04-21
396,2020-04-18,500000013,610,2020-04-18,2020-04-21
397,2020-04-18,500000089,310,2020-04-18,2020-07-03
398,2020-04-19,500000086,208,2020-04-19,2020-04-22
399,2020-04-20,500000073,306,2020-04-20,2020-04-24
400,2020-04-20,500000066,503,2020-04-20,2020-04-23
401,2020-04-20,500000099,106,2020-04-20,2020-05-09
402,2020-04-20,500000014,303,2020-04-20,2020-04-24
403,2020-04-22,500000037,110,2020-04-22,2020-04-26
404,2020-04-23,500000088,203,2020-04-23,2020-04-27
405,2020-04-23,500000061,205,2020-04-23,2020-04-27
406,2020-04-23,500000033,201,2020-04-23,2020-04-30
407,2020-04-23,500000047,408,2020-04-23,2020-04-26
408,2020-04-23,500000078,109,2020-04-23,2020-04-26
409,2020-04-23,500000035,103,2020-04-23,2020-04-26
410,2020-04-23,500000082,510,2020-04-23,2020-04-26
411,2020-04-23,500000029,309,2020-04-23,2020-04-27
412,2020-04-23,500000023,108,2020-04-23,2020-04-26
413,2020-04-24,500000016,206,2020-04-24,2020-04-28
414,2020-04-24,500000032,202,2020-04-24,2020-04-29
415,2020-04-24,500000080,507,2020-04-24,2020-04-28
416,2020-04-24,500000019,403,2020-04-24,2020-04-29
417,2020-04-24,500000101,605,2020-04-24,2020-04-27
418,2020-04-24,500000026,104,2020-04-24,2020-04-27
419,2020-04-25,500000106,101,2020-04-25,2020-04-29
420,2020-04-25,500000055,505,2020-04-25,2020-04-29
421,2020-04-25,500000015,404,2020-04-25,2020-04-28
422,2020-04-25,500000092,409,2020-04-25,2020-04-28
423,2020-04-27,500000078,208,2020-04-27,2020-04-30
424,2020-04-27,500000017,503,2020-04-27,2020-04-29
425,2020-04-27,500000051,606,2020-04-27,2020-05-01
426,2020-04-27,500000038,402,2020-04-27,2020-04-30
427,2020-04-27,500000021,301,2020-04-27,2020-04-29
428,2020-04-28,500000011,105,2020-04-28,2020-05-04
429,2020-04-28,500000072,405,2020-04-28,2020-05-01
430,2020-04-29,500000016,206,2020-04-29,2020-05-02
431,2020-04-29,500000087,304,2020-04-29,2020-05-01
432,2020-04-30,500000028,601,2020-04-30,2020-05-05
433,2020-04-30,500000056,605,2020-04-30,2020-05-04
434,2020-04-30,500000014,104,2020-04-30,2020-05-04
435,2020-04-30,500000085,108,2020-04-30,2020-05-04
436,2020-04-30,500000060,408,2020-04-30,2020-05-05
437,2020-04-30,500000047,603,2020-04-30,2020-05-04
438,2020-04-30,500000093,307,2020-04-30,2020-05-03
439,2020-04-30,500000036,305,2020-04-30,2020-05-04
440,2020-05-01,500000035,205,2020-05-01,2020-05-07
441,2020-05-01,500000026,403,2020-05-01,2020-05-05
442,2020-05-01,500000101,103,2020-05-01,2020-05-06
443,2020-05-01,500000097,604,2020-05-01,2020-05-05
444,2020-05-01,500000049,306,2020-05-01,2020-05-04
445,2020-05-01,500000073,110,2020-05-01,2020-05-05
446,2020-05-01,500000029,107,2020-05-01,2020-05-04
447,2020-05-02,500000064,201,2020-05-02,2020-05-05
448,2020-05-02,500000062,210,2020-05-02,2020-05-07
449,2020-05-02,500000017,602,2020-05-02,2020-05-07
450,2020-05-02,500000044,308,2020-05-02,2020-05-05
451,2020-05-02,500000040,402,2020-05-02,2020-05-05
452,2020-05-02,500000012,208,2020-05-02,2020-05-05
453,2020-05-02,500000027,203,2020-05-02,2020-05-06
454,2020-05-03,500000100,304,2020-05-03,2020-05-07
455,2020-05-04,500000058,507,2020-05-04,2020-05-08
456,2020-05-04,500000080,207,2020-05-04,2020-05-07
457,2020-05-05,500000094,202,2020-05-05,2020-05-09
458,2020-05-07,500000081,305,2020-05-07,2020-05-10
459,2020-05-07,500000095,402,2020-05-07,2020-05-13
460,2020-05-07,500000046,308,2020-05-07,2020-05-11
461,2020-05-08,500000084,208,2020-05-08,2020-05-11
462,2020-05-08,500000082,110,2020-05-08,2020-05-14
463,2020-05-08,500000021,602,2020-05-08,2020-05-11
464,2020-05-09,500000076,508,2020-05-09,2020-05-12
465,2020-05-09,500000055,109,2020-05-09,2020-05-13
466,2020-05-09,500000064,408,2020-05-09,2020-05-12
467,2020-05-11,500000069,601,2020-05-11,2020-05-15
468,2020-05-11,500000011,409,2020-05-11,2020-05-14
469,2020-05-11,500000040,210,2020-05-11,2020-05-15
470,2020-05-11,500000026,605,2020-05-11,2020-05-14
471,2020-05-11,500000061,107,2020-05-11,2020-05-14
472,2020-05-13,500000086,203,2020-05-13,2020-05-17
473,2020-05-14,500000036,208,2020-05-14,2020-05-18
474,2020-05-14,500000108,104,2020-05-14,2020-05-19
475,2020-05-14,500000098,503,2020-05-14,2020-05-19
476,2020-05-14,500000101,207,2020-05-14,2020-05-17
477,2020-05-14,500000044,306,2020-05-14,2020-05-17
478,2020-05-14,500000103,608,2020-05-14,2020-05-17
479,2020-05-15,500000010,605,2020-05-15,2020-05-19
480,2020-05-15,500000104,402,2020-05-15,2020-05-19
481,2020-05-15,500000081,308,2020-05-15,2020-05-18
482,2020-05-16,500000029,107,2020-05-16,2020-05-20
483,2020-05-16,500000033,407,2020-05-16,2020-05-19
484,2020-05-16,500000091,506,2020-05-16,2020-05-19
485,2020-05-16,500000012,202,2020-05-16,2020-05-19
486,2020-05-16,500000026,204,2020-05-16,2020-05-19
487,2020-05-16,500000084,209,2020-05-16,2020-05-19
488,2020-05-18,500000038,307,2020-05-18,2020-05-22
489,2020-05-18,500000032,604,2020-05-18,2020-05-22
490,2020-05-18,500000043,502,2020-05-18,2020-05-22
491,2020-05-18,500000085,408,2020-05-18,2020-05-22
492,2020-05-18,500000049,304,2020-05-18,2020-05-21
493,2020-05-20,500000108,201,2020-05-20,2020-05-24
494,2020-05-21,500000042,102,2020-05-21,2020-05-25
495,2020-05-21,500000028,306,2020-05-21,2020-05-25
496,2020-05-21,500000059,505,2020-05-21,2020-05-26
497,2020-05-21,500000106,409,2020-05-21,2020-05-24
498,2020-05-22,500000040,308,2020-05-22,2020-05-26
499,2020-05-22,500000027,108,2020-05-22,2020-05-26
500,2020-05-22,500000080,410,2020-05-22,2020-05-26
501,2020-05-22,500000031,404,2020-05-22,2020-05-26
502,2020-05-22,500000033,302,2020-05-22,2020-05-26
503,2020-05-23,500000095,508,2020-05-23,2020-05-26
504,2020-05-23,500000098,607,2020-05-23,2020-05-27
505,2020-05-23,500000060,105,2020-05-23,2020-05-26
506,2020-05-23,500000064,101,2020-05-23,2020-05-26
507,2020-05-23,500000025,501,2020-05-23,2020-05-26
508,2020-05-23,500000044,510,2020-05-23,2020-05-26
509,2020-05-23,500000101,208,2020-05-23,2020-05-26
510,2020-05-24,500000009,304,2020-05-24,2020-05-27
511,2020-05-24,500000017,504,2020-05-24,2020-05-28
512,2020-05-25,500000072,106,2020-05-25,2020-05-28
513,2020-05-25,500000045,109,2020-05-25,2020-05-29
514,2020-05-25,500000076,608,2020-05-25,2020-05-29
515,2020-05-25,500000018,609,2020-05-25,2020-05-31
516,2020-05-25,500000075,103,2020-05-25,2020-08-01
517,2020-05-25,500000085,604,2020-05-25,2020-05-29
518,2020-05-25,500000108,201,2020-05-25,2020-05-29
519,2020-05-27,500000073,305,2020-05-27,2020-05-30
520,2020-05-28,500000080,407,2020-05-28,2020-06-01
521,2020-05-28,500000098,603,2020-05-28,2020-06-01
522,2020-05-28,500000100,203,2020-05-28,2020-06-01
523,2020-05-28,500000046,606,2020-05-28,2020-06-01
524,2020-05-28,500000058,508,2020-05-28,2020-05-31
525,2020-05-28,500000082,403,2020-05-28,2020-06-01
526,2020-05-29,500000090,302,2020-05-29,2020-06-03
527,2020-05-29,500000049,303,2020-05-29,2020-06-01
528,2020-05-29,500000032,405,2020-05-29,2020-06-01
529,2020-05-29,500000091,404,2020-05-29,2020-06-02
530,2020-05-29,500000044,510,2020-05-29,2020-06-01
531,2020-05-29,500000087,110,2020-05-29,2020-06-02
532,2020-05-30,500000026,204,2020-05-30,2020-06-04
533,2020-05-30,500000023,109,2020-05-30,2020-06-02
534,2020-05-30,500000028,610,2020-05-30,2020-06-05
535,2020-05-30,500000048,106,2020-05-30,2020-06-03
536,2020-05-30,500000068,105,2020-05-30,2020-06-03
537,2020-05-30,500000009,507,2020-05-30,2020-06-02
538,2020-06-01,500000013,607,2020-06-01,2020-06-06
539,2020-06-01,500000061,207,2020-06-01,2020-06-04
540,2020-06-01,500000040,210,2020-06-01,2020-06-08
541,2020-06-01,500000056,307,2020-06-01,2020-06-04
542,2020-06-01,500000094,409,2020-06-01,2020-06-07
543,2020-06-01,500000043,108,2020-06-01,2020-06-04
544,2020-06-01,500000101,502,2020-06-01,2020-06-05
545,2020-06-02,500000092,604,2020-06-02,2020-06-05
546,2020-06-03,500000098,305,2020-06-03,2020-06-07
547,2020-06-04,500000086,408,2020-06-04,2020-06-08
548,2020-06-04,500000104,401,2020-06-04,2020-06-09
549,2020-06-04,500000108,609,2020-06-04,2020-06-07
550,2020-06-04,500000081,601,2020-06-04,2020-06-10
551,2020-06-05,500000031,208,2020-06-05,2020-06-08
552,2020-06-05,500000069,302,2020-06-05,2020-06-11
553,2020-06-05,500000093,404,2020-06-05,2020-06-08
554,2020-06-05,500000052,402,2020-06-05,2020-06-09
555,2020-06-05,500000053,107,2020-06-05,2020-06-08
556,2020-06-05,500000064,505,2020-06-05,2020-06-08
557,2020-06-05,500000036,507,2020-06-05,2020-06-06
558,2020-06-05,500000033,504,2020-06-05,2020-06-09
559,2020-06-06,500000018,108,2020-06-06,2020-06-09
560,2020-06-06,500000022,203,2020-06-06,2020-06-09
561,2020-06-06,500000102,610,2020-06-06,2020-06-09
562,2020-06-06,500000038,403,2020-06-06,2020-06-09
563,2020-06-06,500000107,509,2020-06-06,2020-06-09
564,2020-06-06,500000106,502,2020-06-06,2020-06-08
565,2020-06-08,500000076,602,2020-06-08,2020-06-11
566,2020-06-08,500000070,609,2020-06-08,2020-06-13
567,2020-06-08,500000092,110,2020-06-08,2020-06-12
568,2020-06-08,500000108,305,2020-06-08,2020-06-11
569,2020-06-08,500000009,501,2020-06-08,2020-06-11
570,2020-06-11,500000078,301,2020-06-11,2020-06-14
571,2020-06-11,500000052,605,2020-06-11,2020-06-15
572,2020-06-11,500000022,306,2020-06-11,2020-06-14
573,2020-06-12,500000088,501,2020-06-12,2020-06-15
574,2020-06-12,500000106,503,2020-06-12,2020-06-14
575,2020-06-12,500000051,308,2020-06-12,2020-06-15
576,2020-06-12,500000069,404,2020-06-12,2020-06-18
577,2020-06-13,500000056,309,2020-06-13,2020-06-16
578,2020-06-13,500000057,410,2020-06-13,2020-06-16
579,2020-06-13,500000055,108,2020-06-13,2020-06-17
580,2020-06-13,500000032,602,2020-06-13,2020-06-18
581,2020-06-15,500000080,301,2020-06-15,2020-06-18
582,2020-06-15,500000083,407,2020-06-15,2020-06-19
583,2020-06-15,500000099,408,2020-06-15,2020-06-19
584,2020-06-15,500000081,306,2020-06-15,2020-06-19
585,2020-06-16,500000072,506,2020-06-16,2020-06-20
586,2020-06-16,500000106,302,2020-06-16,2020-06-22
587,2020-06-17,500000056,505,2020-06-17,2020-06-24
588,2020-06-17,500000046,501,2020-06-17,2020-06-21
589,2020-06-18,500000057,107,2020-06-18,2020-06-21
590,2020-06-18,500000073,604,2020-06-18,2020-06-21
591,2020-06-18,500000018,204,2020-06-18,2020-06-21
592,2020-06-18,500000087,510,2020-06-18,2020-06-21
593,2020-06-18,500000094,109,2020-06-18,2020-06-20
594,2020-06-18,500000016,208,2020-06-18,2020-06-23
595,2020-06-18,500000093,402,2020-06-18,2020-06-21
596,2020-06-18,500000095,601,2020-06-18,2020-06-25
597,2020-06-19,500000020,106,2020-06-19,2020-09-18
598,2020-06-19,500000084,404,2020-06-19,2020-06-21
599,2020-06-19,500000085,206,2020-06-19,2020-06-22
600,2020-06-19,500000034,305,2020-06-19,2020-06-22
601,2020-06-19,500000042,307,2020-06-19,2020-06-23
602,2020-06-19,500000076,101,2020-06-19,2020-06-22
603,2020-06-19,500000086,605,2020-06-19,2020-06-22
604,2020-06-20,500000092,309,2020-06-20,2020-06-25
605,2020-06-20,500000104,202,2020-06-20,2020-06-26
606,2020-06-20,500000066,603,2020-06-20,2020-07-21
607,2020-06-20,500000030,110,2020-06-20,2020-06-24
608,2020-06-20,500000081,207,2020-06-20,2020-06-26
609,2020-06-20,500000088,508,2020-06-20,2020-06-24
610,2020-06-21,500000059,304,2020-06-21,2020-07-02
611,2020-06-21,500000064,105,2020-06-21,2020-06-25
612,2020-06-22,500000033,504,2020-06-22,2020-06-26
613,2020-06-22,500000108,610,2020-06-22,2020-06-27
614,2020-06-22,500000105,403,2020-06-22,2020-06-24
615,2020-06-22,500000031,503,2020-06-22,2020-06-24
616,2020-06-22,500000032,104,2020-06-22,2020-06-26
617,2020-06-22,500000058,407,2020-06-22,2020-06-26
618,2020-06-22,500000080,502,2020-06-22,2020-06-25
619,2020-06-23,500000052,206,2020-06-23,2020-06-26
620,2020-06-25,500000084,510,2020-06-25,2020-06-29
621,2020-06-25,500000063,501,2020-06-25,2020-06-27
622,2020-06-25,500000048,505,2020-06-25,2020-06-28
623,2020-06-26,500000030,503,2020-06-26,2020-06-29
624,2020-06-26,500000010,605,2020-06-26,2020-06-30
625,2020-06-26,500000038,305,2020-06-26,2020-06-29
626,2020-06-26,500000102,109,2020-06-26,2020-07-01
627,2020-06-27,500000065,302,2020-06-27,2020-06-30
628,2020-06-27,500000094,405,2020-06-27,2020-07-02
629,2020-06-27,500000062,509,2020-06-27,2020-06-30
630,2020-06-27,500000088,208,2020-06-27,2020-06-30
631,2020-06-27,500000017,507,2020-06-27,2020-06-30
632,2020-06-27,500000051,407,2020-06-27,2020-06-30
633,2020-06-28,500000018,604,2020-06-28,2020-07-02
634,2020-06-28,500000011,401,2020-06-28,2020-07-02
635,2020-06-29,500000009,206,2020-06-29,2020-07-03
636,2020-06-29,500000013,204,2020-06-29,2020-07-02
637,2020-06-30,500000056,501,2020-06-30,2020-07-03
638,2020-07-02,500000035,308,2020-07-02,2020-07-08
639,2020-07-02,500000058,402,2020-07-02,2020-07-06
640,2020-07-02,500000037,102,2020-07-02,2020-07-05
641,2020-07-02,500000100,606,2020-07-02,2020-07-05
642,2020-07-03,500000065,204,2020-07-03,2020-07-07
643,2020-07-03,500000102,602,2020-07-03,2020-07-06
644,2020-07-03,500000030,305,2020-07-03,2020-07-06
645,2020-07-03,500000105,202,2020-07-03,2020-07-08
646,2020-07-03,500000085,203,2020-07-03,2020-07-06
647,2020-07-03,500000053,609,2020-07-03,2020-07-08
648,2020-07-04,500000078,301,2020-07-04,2020-07-07
649,2020-07-04,500000076,304,2020-07-04,2020-07-06
650,2020-07-04,500000062,509,2020-07-04,2020-07-07
651,2020-07-04,500000029,105,2020-07-04,2020-07-05
652,2020-07-04,500000026,209,2020-07-04,2020-07-07
653,2020-07-06,500000029,105,2020-07-06,2020-07-11
654,2020-07-06,500000033,501,2020-07-06,2020-07-09
655,2020-07-06,500000039,403,2020-07-06,2020-07-11
656,2020-07-06,500000027,109,2020-07-06,2020-07-10
657,2020-07-07,500000041,506,2020-07-07,2020-07-11
658,2020-07-07,500000057,210,2020-07-07,2020-07-10
659,2020-07-08,500000077,201,2020-07-08,2020-07-12
660,2020-07-09,500000048,410,2020-07-09,2020-07-12
661,2020-07-09,500000100,610,2020-07-09,2020-07-11
662,2020-07-09,500000050,405,2020-07-09,2020-07-13
663,2020-07-09,500000047,110,2020-07-09,2020-07-12
664,2020-07-09,500000082,505,2020-07-09,2020-07-13
665,2020-07-10,500000072,510,2020-07-10,2020-07-14
666,2020-07-10,500000080,304,2020-07-10,2020-07-13
667,2020-07-10,500000083,108,2020-07-10,2020-07-13
668,2020-07-10,500000088,205,2020-07-10,2020-07-13
669,2020-07-10,500000073,501,2020-07-10,2020-07-13
670,2020-07-10,500000054,402,2020-07-10,2020-07-13
671,2020-07-11,500000015,401,2020-07-11,2020-07-15
672,2020-07-11,500000101,502,2020-07-11,2020-07-14
673,2020-07-11,500000089,302,2020-07-11,2020-07-14
674,2020-07-11,500000034,101,2020-07-11,2020-07-14
675,2020-07-11,500000063,407,2020-07-11,2020-07-16
676,2020-07-11,500000058,104,2020-07-11,2020-07-14
677,2020-07-13,500000012,606,2020-07-13,2020-07-17
678,2020-07-13,500000084,610,2020-07-13,2020-07-19
679,2020-07-13,500000091,204,2020-07-13,2020-07-17
680,2020-07-14,500000103,110,2020-07-14,2020-07-17
681,2020-07-14,500000018,608,2020-07-14,2020-07-17
682,2020-07-14,500000106,503,2020-07-14,2020-07-17
683,2020-07-15,500000048,104,2020-07-15,2020-07-19
684,2020-07-16,500000059,306,2020-07-16,2020-07-17
685,2020-07-16,500000045,302,2020-07-16,2020-07-20
686,2020-07-16,500000035,604,2020-07-16,2020-07-19
687,2020-07-16,500000055,308,2020-07-16,2020-07-19
688,2020-07-17,500000088,404,2020-07-17,2020-07-21
689,2020-07-17,500000063,305,2020-07-17,2020-07-19
690,2020-07-17,500000080,504,2020-07-17,2020-07-20
691,2020-07-17,500000013,310,2020-07-17,2020-07-20
692,2020-07-18,500000097,209,2020-07-18,2020-07-21
693,2020-07-18,500000092,408,2020-07-18,2020-07-21
694,2020-07-18,500000098,403,2020-07-18,2020-07-21
695,2020-07-18,500000038,303,2020-07-18,2020-07-21
696,2020-07-18,500000022,208,2020-07-18,2020-07-22
697,2020-07-18,500000040,201,2020-07-18,2020-07-21
698,2020-07-19,500000021,508,2020-07-19,2020-07-22
699,2020-07-19,500000105,301,2020-07-19,2020-07-22
700,2020-07-19,500000037,204,2020-07-19,2020-08-11
701,2020-07-20,500000061,210,2020-07-20,2020-07-24
702,2020-07-20,500000011,102,2020-07-20,2020-07-23
703,2020-07-20,500000032,410,2020-07-20,2020-07-24
704,2020-07-20,500000085,407,2020-07-20,2020-07-23
705,2020-07-20,500000023,110,2020-07-20,2020-07-24
706,2020-07-20,500000094,609,2020-07-20,2020-08-14
707,2020-07-20,500000014,502,2020-07-20,2020-07-24
708,2020-07-21,500000093,506,2020-07-21,2020-07-26
709,2020-07-23,500000039,306,2020-07-23,2020-07-27
710,2020-07-23,500000062,109,2020-07-23,2020-07-26
711,2020-07-23,500000044,403,2020-07-23,2020-07-26
712,2020-07-23,500000030,308,2020-07-23,2020-07-28
713,2020-07-23,500000083,610,2020-07-23,2020-07-27
714,2020-07-24,500000108,401,2020-07-24,2020-07-28
715,2020-07-24,500000079,405,2020-07-24,2020-07-27
716,2020-07-24,500000050,101,2020-07-24,2020-07-29
717,2020-07-24,500000069,408,2020-07-24,2020-07-27
718,2020-07-25,500000029,605,2020-07-25,2020-07-28
719,2020-07-25,500000101,207,2020-07-25,2020-07-28
720,2020-07-25,500000099,105,2020-07-25,2020-07-29
721,2020-07-25,500000088,406,2020-07-25,2020-07-29
722,2020-07-25,500000095,309,2020-07-25,2020-07-28
723,2020-07-25,500000023,102,2020-07-25,2020-07-30
724,2020-07-25,500000053,205,2020-07-25,2020-07-29
725,2020-07-25,500000011,208,2020-07-25,2020-07-28
726,2020-07-26,500000041,601,2020-07-26,2020-07-29
727,2020-07-26,500000056,504,2020-07-26,2020-07-27
728,2020-07-27,500000082,409,2020-07-27,2020-07-30
729,2020-07-27,500000042,110,2020-07-27,2020-07-31
730,2020-07-27,500000044,510,2020-07-27,2020-07-31
731,2020-07-28,500000077,604,2020-07-28,2020-07-31
732,2020-07-28,500000033,209,2020-07-28,2020-07-31
733,2020-07-29,500000105,408,2020-07-29,2020-08-03
734,2020-07-30,500000014,202,2020-07-30,2020-08-02
735,2020-07-30,500000067,101,2020-07-30,2020-08-02
736,2020-07-30,500000046,305,2020-07-30,2020-08-05
737,2020-07-31,500000048,302,2020-07-31,2020-08-05
738,2020-07-31,500000029,301,2020-07-31,2020-08-04
739,2020-07-31,500000099,504,2020-07-31,2020-08-05
740,2020-08-01,500000096,607,2020-08-01,2020-08-06
741,2020-08-01,500000031,104,2020-08-01,2020-08-08
742,2020-08-01,500000065,201,2020-08-01,2020-08-06
743,2020-08-02,500000068,603,2020-08-02,2020-08-05
744,2020-08-03,500000015,105,2020-08-03,2020-08-07
745,2020-08-03,500000106,410,2020-08-03,2020-08-07
746,2020-08-03,500000057,409,2020-08-03,2020-08-07
747,2020-08-03,500000026,103,2020-08-03,2020-08-05
748,2020-08-03,500000082,405,2020-08-03,2020-08-08
749,2020-08-05,500000076,303,2020-08-05,2020-08-08
750,2020-08-05,500000101,202,2020-08-05,2020-08-10
751,2020-08-06,500000009,406,2020-08-06,2020-08-11
752,2020-08-06,500000100,108,2020-08-06,2020-08-12
753,2020-08-06,500000095,109,2020-08-06,2020-08-10
754,2020-08-06,500000071,205,2020-08-06,2020-08-10
755,2020-08-06,500000055,603,2020-08-06,2020-08-10
756,2020-08-06,500000068,305,2020-08-06,2020-08-09
757,2020-08-06,500000052,404,2020-08-06,2020-08-10
758,2020-08-06,500000036,601,2020-08-06,2020-08-09
759,2020-08-06,500000063,103,2020-08-06,2020-08-09
760,2020-08-07,500000104,610,2020-08-07,2020-08-11
761,2020-08-07,500000040,301,2020-08-07,2020-08-10
762,2020-08-07,500000105,510,2020-08-07,2020-08-10
763,2020-08-07,500000073,503,2020-08-07,2020-08-10
764,2020-08-08,500000089,507,2020-08-08,2020-08-13
765,2020-08-08,500000033,401,2020-08-08,2020-08-11
766,2020-08-08,500000084,409,2020-08-08,2020-08-11
767,2020-08-08,500000092,604,2020-08-08,2020-08-11
768,2020-08-09,500000042,310,2020-08-09,2020-08-12
769,2020-08-10,500000068,308,2020-08-10,2020-08-13
770,2020-08-10,500000032,207,2020-08-10,2020-08-14
771,2020-08-12,500000014,501,2020-08-12,2020-08-15
772,2020-08-12,500000040,603,2020-08-12,2020-08-16
773,2020-08-12,500000096,405,2020-08-12,2020-08-16
774,2020-08-13,500000072,607,2020-08-13,2020-08-16
775,2020-08-13,500000024,601,2020-08-13,2020-08-16
776,2020-08-13,500000070,201,2020-08-13,2020-08-16
777,2020-08-13,500000104,502,2020-08-13,2020-08-16
778,2020-08-13,500000091,110,2020-08-13,2020-08-16
779,2020-08-13,500000054,408,2020-08-13,2020-08-16
780,2020-08-13,500000108,403,2020-08-13,2020-08-16
781,2020-08-13,500000039,307,2020-08-13,2020-08-17
782,2020-08-14,500000048,301,2020-08-14,2020-08-17
783,2020-08-14,500000097,402,2020-08-14,2020-08-18
784,2020-08-14,500000038,404,2020-08-14,2020-08-18
785,2020-08-14,500000016,309,2020-08-14,2020-08-18
786,2020-08-14,500000090,305,2020-08-14,2020-08-19
787,2020-08-15,500000094,507,2020-08-15,2020-08-18
788,2020-08-15,500000068,401,2020-08-15,2020-08-18
789,2020-08-17,500000034,108,2020-08-17,2020-08-19
790,2020-08-17,500000061,207,2020-08-17,2020-08-20
791,2020-08-17,500000083,410,2020-08-17,2020-11-17
792,2020-08-17,500000013,203,2020-08-17,2020-08-20
793,2020-08-18,500000065,204,2020-08-18,2020-08-22
794,2020-08-18,500000101,102,2020-08-18,2020-08-21
795,2020-08-19,500000045,107,2020-08-19,2020-08-22
796,2020-08-19,500000103,508,2020-08-19,2020-08-22
797,2020-08-19,500000032,209,2020-08-19,2020-08-22
798,2020-08-20,500000011,503,2020-08-20,2020-08-23
799,2020-08-20,500000053,506,2020-08-20,2020-08-24
800,2020-08-20,500000079,403,2020-08-20,2020-08-25
801,2020-08-20,500000091,505,2020-08-20,2020-08-25
802,2020-08-20,500000019,310,2020-08-20,2020-08-23
803,2020-08-20,500000098,109,2020-08-20,2020-08-23
804,2020-08-20,500000030,404,2020-08-20,2020-08-23
805,2020-08-21,500000073,510,2020-08-21,2020-08-25
806,2020-08-21,500000013,504,2020-08-21,2020-08-24
807,2020-08-21,500000050,210,2020-08-21,2020-08-24
808,2020-08-21,500000046,303,2020-08-21,2020-08-25
809,2020-08-21,500000048,507,2020-08-21,2020-08-24
810,2020-08-21,500000108,307,2020-08-21,2020-08-24
811,2020-08-21,500000087,607,2020-08-21,2020-08-25
812,2020-08-21,500000036,501,2020-08-21,2020-08-24
813,2020-08-21,500000037,407,2020-08-21,2020-08-24
814,2020-08-22,500000072,608,2020-08-22,2020-08-26
815,2020-08-22,500000040,103,2020-08-22,2020-08-25
816,2020-08-22,500000077,305,2020-08-22,2020-08-25
817,2020-08-22,500000014,104,2020-08-22,2020-08-25
818,2020-08-22,500000104,603,2020-08-22,2020-08-26
819,2020-08-22,500000070,105,2020-08-22,2020-08-26
820,2020-08-22,500000009,101,2020-08-22,2020-09-20
821,2020-08-22,500000039,604,2020-08-22,2020-08-25
822,2020-08-24,500000012,306,2020-08-24,2020-08-27
823,2020-08-24,500000095,609,2020-08-24,2020-08-27
824,2020-08-24,500000075,605,2020-08-24,2020-08-27
825,2020-08-24,500000059,309,2020-08-24,2020-08-29
826,2020-08-25,500000068,504,2020-08-25,2020-08-28
827,2020-08-25,500000027,110,2020-08-25,2020-08-28
828,2020-08-25,500000042,407,2020-08-25,2020-08-28
829,2020-08-26,500000080,205,2020-08-26,2020-08-29
830,2020-08-27,500000046,203,2020-08-27,2020-08-30
831,2020-08-27,500000041,506,2020-08-27,2020-08-30
832,2020-08-27,500000051,107,2020-08-27,2020-08-30
833,2020-08-27,500000098,602,2020-08-27,2020-09-01
834,2020-08-27,500000018,209,2020-08-27,2020-08-30
835,2020-08-27,500000070,304,2020-08-27,2020-09-01
836,2020-08-27,500000063,307,2020-08-27,2020-08-30
837,2020-08-27,500000108,606,2020-08-27,2020-08-30
838,2020-08-28,500000104,207,2020-08-28,2020-08-31
839,2020-08-28,500000096,305,2020-08-28,2020-09-02
840,2020-08-28,500000103,502,2020-08-28,2020-09-01
841,2020-08-29,500000055,501,2020-08-29,2020-09-01
842,2020-08-29,500000088,104,2020-08-29,2020-09-03
843,2020-08-29,500000054,607,2020-08-29,2020-09-01
844,2020-08-29,500000095,505,2020-08-29,2020-08-30
845,2020-08-29,500000092,110,2020-08-29,2020-09-01
846,2020-08-29,500000089,210,2020-08-29,2020-09-02
847,2020-08-29,500000094,206,2020-08-29,2020-09-03
848,2020-08-31,500000064,108,2020-08-31,2020-09-04
849,2020-08-31,500000013,204,2020-08-31,2020-09-03
850,2020-08-31,500000028,407,2020-08-31,2020-09-05
851,2020-08-31,500000057,306,2020-08-31,2020-09-05
852,2020-08-31,500000061,209,2020-08-31,2020-09-03
853,2020-08-31,500000077,403,2020-08-31,2020-09-04
854,2020-08-31,500000099,107,2020-08-31,2020-09-04
855,2020-09-01,500000058,508,2020-09-01,2020-09-04
856,2020-09-02,500000066,201,2020-09-02,2020-09-06
857,2020-09-03,500000056,301,2020-09-03,2020-09-07
858,2020-09-03,500000105,609,2020-09-03,2020-09-07
859,2020-09-03,500000079,205,2020-09-03,2020-09-06
860,2020-09-03,500000041,102,2020-09-03,2020-09-06
861,2020-09-03,500000096,610,2020-09-03,2020-09-06
862,2020-09-03,500000021,406,2020-09-03,2020-09-06
863,2020-09-03,500000031,510,2020-09-03,2020-09-06
864,2020-09-03,500000018,509,2020-09-03,2020-09-06
865,2020-09-03,500000089,208,2020-09-03,2020-09-06
866,2020-09-03,500000022,307,2020-09-03,2020-09-06
867,2020-09-04,500000043,502,2020-09-04,2020-09-08
868,2020-09-04,500000051,209,2020-09-04,2020-09-08
869,2020-09-04,500000013,504,2020-09-04,2020-09-06
870,2020-09-04,500000078,203,2020-09-04,2020-09-07
871,2020-09-05,500000065,604,2020-09-05,2020-09-08
872,2020-09-05,500000027,606,2020-09-05,2020-09-08
873,2020-09-07,500000058,205,2020-09-07,2020-09-10
874,2020-09-07,500000107,110,2020-09-07,2020-09-10
875,2020-09-07,500000066,208,2020-09-07,2020-09-13
876,2020-09-07,500000102,405,2020-09-07,2020-09-11
877,2020-09-07,500000025,309,2020-09-07,2020-09-10
878,2020-09-07,500000104,601,2020-09-07,2020-09-11
879,2020-09-07,500000103,304,2020-09-07,2020-09-11
880,2020-09-07,500000093,202,2020-09-07,2020-09-11
881,2020-09-07,500000037,507,2020-09-07,2020-09-10
882,2020-09-08,500000052,402,2020-09-08,2020-09-12
883,2020-09-08,500000105,608,2020-09-08,2020-09-12
884,2020-09-09,500000059,210,2020-09-09,2020-09-12
885,2020-09-09,500000087,610,2020-09-09,2020-09-12
886,2020-09-09,500000057,605,2020-09-09,2020-09-14
887,2020-09-10,500000076,204,2020-09-10,2020-09-14
888,2020-09-10,500000072,109,2020-09-10,2020-09-12
889,2020-09-10,500000034,602,2020-09-10,2020-09-14
890,2020-09-10,500000035,607,2020-09-10,2020-09-13
891,2020-09-10,500000056,310,2020-09-10,2020-09-14
892,2020-09-10,500000060,305,2020-09-10,2020-09-13
893,2020-09-10,500000027,108,2020-09-10,2020-09-14
894,2020-09-11,500000094,209,2020-09-11,2020-09-15
895,2020-09-11,500000021,203,2020-09-11,2020-09-14
896,2020-09-11,500000088,504,2020-09-11,2020-09-14
897,2020-09-11,500000012,603,2020-09-11,2020-09-14
898,2020-09-11,500000085,102,2020-09-11,2020-09-14
899,2020-09-11,500000075,309,2020-09-11,2020-09-14
900,2020-09-11,500000029,604,2020-09-11,2020-09-18
901,2020-09-12,500000062,405,2020-09-12,2020-09-15
902,2020-09-12,500000080,206,2020-09-12,2020-09-16
903,2020-09-12,500000050,609,2020-09-12,2020-09-17
904,2020-09-13,500000072,401,2020-09-13,2020-09-16
905,2020-09-13,500000058,402,2020-09-13,2020-09-16
906,2020-09-14,500000054,501,2020-09-14,2020-09-17
907,2020-09-14,500000104,202,2020-09-14,2020-09-18
908,2020-09-14,500000011,505,2020-09-14,2020-09-18
909,2020-09-14,500000097,104,2020-09-14,2020-09-17
910,2020-09-14,500000089,307,2020-09-14,2020-09-17
911,2020-09-14,500000065,303,2020-09-14,2020-09-17
912,2020-09-17,500000026,103,2020-09-17,2020-09-20
913,2020-09-17,500000108,603,2020-09-17,2020-09-20
914,2020-09-17,500000041,310,2020-09-17,2020-09-21
915,2020-09-17,500000082,209,2020-09-17,2020-09-20
916,2020-09-18,500000013,508,2020-09-18,2020-09-20
917,2020-09-18,500000021,408,2020-09-18,2020-09-21
918,2020-09-18,500000074,409,2020-09-18,2020-09-22
919,2020-09-19,500000063,107,2020-09-19,2020-09-22
920,2020-09-19,500000066,207,2020-09-19,2020-09-22
921,2020-09-19,500000068,607,2020-09-19,2020-09-25
922,2020-09-19,500000078,301,2020-09-19,2020-09-22
923,2020-09-19,500000102,302,2020-09-19,2020-09-24
924,2020-09-19,500000103,503,2020-09-19,2020-09-23
925,2020-09-19,500000087,208,2020-09-19,2020-09-23
926,2020-09-21,500000035,407,2020-09-21,2020-09-24
927,2020-09-21,500000019,507,2020-09-21,2020-09-26
928,2020-09-21,500000010,201,2020-09-21,2020-09-24
929,2020-09-21,500000077,403,2020-09-21,2020-09-25
930,2020-09-21,500000070,102,2020-09-21,2020-09-24
931,2020-09-22,500000106,610,2020-09-22,2020-09-29
932,2020-09-23,500000014,404,2020-09-23,2020-09-28
933,2020-09-23,500000036,506,2020-09-23,2020-09-26
934,2020-09-23,500000039,402,2020-09-23,2020-09-27
935,2020-09-24,500000087,508,2020-09-24,2020-09-28
936,2020-09-24,500000098,303,2020-09-24,2020-09-28
937,2020-09-24,500000072,209,2020-09-24,2020-09-27
938,2020-09-24,500000099,608,2020-09-24,2020-09-27
939,2020-09-24,500000034,408,2020-09-24,2020-09-27
940,2020-09-25,500000050,310,2020-09-25,2020-09-29
941,2020-09-25,500000021,307,2020-09-25,2020-09-28
942,2020-09-25,500000065,305,2020-09-25,2020-09-28
943,2020-09-25,500000038,204,2020-09-25,2020-09-27
944,2020-09-25,500000076,109,2020-09-25,2020-09-27
945,2020-09-25,500000089,205,2020-09-25,2020-09-29
946,2020-09-25,500000033,604,2020-09-25,2020-09-29
947,2020-09-25,500000025,304,2020-09-25,2020-09-30
948,2020-09-25,500000061,501,2020-09-25,2020-09-28
949,2020-09-25,500000064,406,2020-09-25,2020-09-29
950,2020-09-26,500000100,502,2020-09-26,2020-09-30
951,2020-09-26,500000077,301,2020-09-26,2020-09-29
952,2020-09-26,500000090,203,2020-09-26,2020-09-30
953,2020-09-26,500000091,103,2020-09-26,2020-09-29
954,2020-09-26,500000105,403,2020-09-26,2020-09-30
955,2020-09-26,500000069,505,2020-09-26,2020-09-30
956,2020-09-27,500000051,504,2020-09-27,2020-10-01
957,2020-09-28,500000012,602,2020-09-28,2020-10-01
958,2020-09-28,500000053,302,2020-09-28,2020-10-02
959,2020-09-28,500000102,605,2020-09-28,2020-10-01
960,2020-09-29,500000036,407,2020-09-29,2020-10-02
961,2020-10-01,500000013,210,2020-10-01,2020-10-06
962,2020-10-01,500000031,506,2020-10-01,2020-10-05
963,2020-10-01,500000025,207,2020-10-01,2020-10-07
964,2020-10-02,500000029,602,2020-10-02,2020-10-08
965,2020-10-02,500000095,608,2020-10-02,2020-10-06
966,2020-10-02,500000048,308,2020-10-02,2020-10-05
967,2020-10-02,500000087,402,2020-10-02,2020-10-05
968,2020-10-02,500000097,408,2020-10-02,2020-10-06
969,2020-10-03,500000090,510,2020-10-03,2020-10-06
970,2020-10-03,500000066,405,2020-10-03,2020-10-07
971,2020-10-03,500000042,307,2020-10-03,2020-10-06
972,2020-10-03,500000074,610,2020-10-03,2020-10-06
973,2020-10-03,500000081,504,2020-10-03,2020-10-07
974,2020-10-03,500000032,205,2020-10-03,2020-10-07
975,2020-10-03,500000068,109,2020-10-03,2020-10-07
976,2020-10-03,500000103,607,2020-10-03,2020-10-08
977,2020-10-04,500000024,201,2020-10-04,2020-10-09
978,2020-10-05,500000057,505,2020-10-05,2020-10-08
979,2020-10-05,500000080,101,2020-10-05,2020-10-08
980,2020-10-05,500000108,208,2020-10-05,2020-10-09
981,2020-10-05,500000072,105,2020-10-05,2020-10-09
982,2020-10-05,500000050,304,2020-10-05,2020-10-09
983,2020-10-05,500000028,108,2020-10-05,2020-10-08
984,2020-10-05,500000054,302,2020-10-05,2020-10-08
985,2020-10-06,500000048,606,2020-10-06,2020-10-09
986,2020-10-06,500000059,308,2020-10-06,2020-10-09
987,2020-10-07,500000044,605,2020-10-07,2020-10-12
988,2020-10-07,500000011,404,2020-10-07,2020-10-13
989,2020-10-08,500000065,503,2020-10-08,2020-10-13
990,2020-10-08,500000033,402,2020-10-08,2020-10-11
991,2020-10-08,500000013,603,2020-10-08,2020-10-12
992,2020-10-08,500000093,207,2020-10-08,2020-10-11
993,2020-10-09,500000089,102,2020-10-09,2020-10-12
994,2020-10-09,500000081,303,2020-10-09,2020-10-12
995,2020-10-09,500000049,103,2020-10-09,2020-10-12
996,2020-10-09,500000084,405,2020-10-09,2020-10-13
997,2020-10-10,500000099,609,2020-10-10,2020-10-15
998,2020-10-10,500000022,507,2020-10-10,2020-10-13
999,2020-10-10,500000019,206,2020-10-10,2020-10-15
1000,2020-10-10,500000070,509,2020-10-10,2020-10-13
1001,2020-10-10,500000077,110,2020-10-10,2020-10-14
1002,2020-10-10,500000058,202,2020-10-10,2020-10-15
1003,2020-10-11,500000048,502,2020-10-11,2020-10-14
1004,2020-10-12,500000025,606,2020-10-12,2020-10-16
1005,2020-10-12,500000105,304,2020-10-12,2020-10-15
1006,2020-10-12,500000029,408,2020-10-12,2020-10-17
1007,2020-10-12,500000062,107,2020-10-12,2020-10-16
1008,2020-10-12,500000088,504,2020-10-12,2020-10-18
1009,2020-10-12,500000015,105,2020-10-12,2020-10-15
1010,2020-10-12,500000024,203,2020-10-12,2020-10-16
1011,2020-10-12,500000090,210,2020-10-12,2020-10-17
1012,2020-10-14,500000044,603,2020-10-14,2020-10-17
1013,2020-10-14,500000079,201,2020-10-14,2020-10-18
1014,2020-10-14,500000100,101,2020-10-14,2020-10-18
1015,2020-10-15,500000036,407,2020-10-15,2020-10-19
1016,2020-10-15,500000093,205,2020-10-15,2020-10-22
1017,2020-10-15,500000092,505,2020-10-15,2020-10-17
1018,2020-10-15,500000031,308,2020-10-15,2020-10-18
1019,2020-10-16,500000037,406,2020-10-16,2020-10-19
1020,2020-10-16,500000013,304,2020-10-16,2020-10-20
1021,2020-10-16,500000047,403,2020-10-16,2020-10-20
1022,2020-10-16,500000099,405,2020-10-16,2020-10-19
1023,2020-10-16,500000028,501,2020-10-16,2020-10-22
1024,2020-10-16,500000063,302,2020-10-16,2020-10-18
1025,2020-10-16,500000075,310,2020-10-16,2020-10-19
1026,2020-10-16,500000065,506,2020-10-16,2020-10-20
1027,2020-10-17,500000085,108,2020-10-17,2020-10-19
1028,2020-10-17,500000086,609,2020-10-17,2020-10-23
1029,2020-10-17,500000067,103,2020-10-17,2020-10-20
1030,2020-10-17,500000010,305,2020-10-17,2020-10-22
1031,2020-10-17,500000058,204,2020-10-17,2020-10-20
1032,2020-10-17,500000022,301,2020-10-17,2020-10-21
1033,2020-10-17,500000042,602,2020-10-17,2020-10-20
1034,2020-10-17,500000082,610,2020-10-17,2020-10-22
1035,2020-10-18,500000072,409,2020-10-18,2020-10-23
1036,2020-10-19,500000076,110,2020-10-19,2020-10-22
1037,2020-10-19,500000096,603,2020-10-19,2020-10-23
1038,2020-10-19,500000027,606,2020-10-19,2020-10-22
1039,2020-10-19,500000107,207,2020-10-19,2020-10-21
1040,2020-10-19,500000094,306,2020-10-19,2020-10-22
1041,2020-10-19,500000044,303,2020-10-19,2020-10-22
1042,2020-10-19,500000023,208,2020-10-19,2020-10-21
1043,2020-10-19,500000050,604,2020-10-19,2020-10-23
1044,2020-10-20,500000015,605,2020-10-20,2020-10-25
1045,2020-10-22,500000085,105,2020-10-22,2020-10-25
1046,2020-10-22,500000053,309,2020-10-22,2020-10-26
1047,2020-10-22,500000090,502,2020-10-22,2020-10-25
1048,2020-10-22,500000022,108,2020-10-22,2020-10-29
1049,2020-10-22,500000074,101,2020-10-22,2020-10-26
1050,2020-10-22,500000089,506,2020-10-22,2020-10-24
1051,2020-10-22,500000026,402,2020-10-22,2020-10-26
1052,2020-10-22,500000084,404,2020-10-22,2020-10-26
1053,2020-10-23,500000097,610,2020-10-23,2020-10-26
1054,2020-10-23,500000101,501,2020-10-23,2020-10-26
1055,2020-10-23,500000031,407,2020-10-23,2020-12-30
1056,2020-10-23,500000036,405,2020-10-23,2020-10-26
1057,2020-10-23,500000062,302,2020-10-23,2020-10-26
1058,2020-10-24,500000050,210,2020-10-24,2020-10-26
1059,2020-10-24,500000046,310,2020-10-24,2020-10-28
1060,2020-10-24,500000045,603,2020-10-24,2020-10-27
1061,2020-10-24,500000010,306,2020-10-24,2020-10-28
1062,2020-10-24,500000055,401,2020-10-24,2020-10-27
1063,2020-10-26,500000035,305,2020-10-26,2020-10-29
1064,2020-10-26,500000088,109,2020-10-26,2020-10-30
1065,2020-10-26,500000047,201,2020-10-26,2021-01-30
1066,2020-10-26,500000027,307,2020-10-26,2020-10-30
1067,2020-10-27,500000064,206,2020-10-27,2020-10-31
1068,2020-10-29,500000043,105,2020-10-29,2020-11-01
1069,2020-10-29,500000010,506,2020-10-29,2020-11-02
1070,2020-10-29,500000048,308,2020-10-29,2020-11-01
1071,2020-10-29,500000102,606,2020-10-29,2020-11-02
1072,2020-10-29,500000029,509,2020-10-29,2020-11-03
1073,2020-10-30,500000076,409,2020-10-30,2020-11-02
1074,2020-10-30,500000077,108,2020-10-30,2020-11-04
1075,2020-10-30,500000071,104,2020-10-30,2020-11-04
1076,2020-10-30,500000067,306,2020-10-30,2020-11-03
1077,2020-10-30,500000106,604,2020-10-30,2020-11-02
1078,2020-10-30,500000095,408,2020-10-30,2020-11-03
1079,2020-10-30,500000022,309,2020-10-30,2020-11-05
1080,2020-10-30,500000041,207,2020-10-30,2020-11-02
1081,2020-10-30,500000080,305,2020-10-30,2020-11-02
1082,2020-10-31,500000061,106,2020-10-31,2020-11-04
1083,2020-10-31,500000066,401,2020-10-31,2020-11-03
1084,2020-10-31,500000060,310,2020-10-31,2020-11-03
1085,2020-10-31,500000073,501,2020-10-31,2020-11-03
1086,2020-10-31,500000049,503,2020-10-31,2020-11-03
1087,2020-10-31,500000091,109,2020-10-31,2021-01-15
1088,2020-10-31,500000089,504,2020-10-31,2020-11-03
1089,2020-11-01,500000025,607,2020-11-01,2020-11-06
1090,2020-11-02,500000054,605,2020-11-02,2020-11-05
1091,2020-11-02,500000052,505,2020-11-02,2020-11-06
1092,2020-11-02,500000062,603,2020-11-02,2020-11-05
1093,2020-11-02,500000074,502,2020-11-02,2020-11-05
1094,2020-11-02,500000026,301,2020-11-02,2020-11-05
1095,2020-11-02,500000046,609,2020-11-02,2020-11-05
1096,2020-11-03,500000038,208,2020-11-03,2020-11-06
1097,2020-11-05,500000056,504,2020-11-05,2020-11-08
1098,2020-11-05,500000061,409,2020-11-05,2020-11-08
1099,2020-11-05,500000076,508,2020-11-05,2020-11-08
1100,2020-11-05,500000090,305,2020-11-05,2020-11-07
1101,2020-11-05,500000032,507,2020-11-05,2020-11-09
1102,2020-11-05,500000063,209,2020-11-05,2020-11-08
1103,2020-11-05,500000094,303,2020-11-05,2020-11-08
1104,2020-11-05,500000098,102,2020-11-05,2020-11-08
1105,2020-11-06,500000019,506,2020-11-06,2020-11-10
1106,2020-11-06,500000033,602,2020-11-06,2020-11-10
1107,2020-11-06,500000069,509,2020-11-06,2020-11-10
1108,2020-11-07,500000024,302,2020-11-07,2020-11-13
1109,2020-11-07,500000037,609,2020-11-07,2020-11-11
1110,2020-11-07,500000043,606,2020-11-07,2020-11-11
1111,2020-11-08,500000065,202,2020-11-08,2020-11-11
1112,2020-11-09,500000076,105,2020-11-09,2020-11-12
1113,2020-11-09,500000087,307,2020-11-09,2020-11-13
1114,2020-11-09,500000098,406,2020-11-09,2020-11-12
1115,2020-11-09,500000013,404,2020-11-09,2020-11-13
1116,2020-11-09,500000067,106,2020-11-09,2020-11-12
1117,2020-11-09,500000035,601,2020-11-09,2020-11-12
1118,2020-11-09,500000070,408,2020-11-09,2020-11-12
1119,2020-11-09,500000094,503,2020-11-09,2020-11-12
1120,2020-11-10,500000081,409,2020-11-10,2020-11-13
1121,2020-11-10,500000073,306,2020-11-10,2020-11-13
1122,2020-11-11,500000027,505,2020-11-11,2020-11-14
1123,2020-11-11,500000029,604,2020-11-11,2020-11-15
1124,2020-11-11,500000090,301,2020-11-11,2020-11-14
1125,2020-11-12,500000103,310,2020-11-12,2020-11-15
1126,2020-11-12,500000017,403,2020-11-12,2020-11-16
1127,2020-11-12,500000040,607,2020-11-12,2020-11-17
1128,2020-11-12,500000084,108,2020-11-12,2020-11-13
1129,2020-11-12,500000021,606,2020-11-12,2020-11-16
1130,2020-11-12,500000062,303,2020-11-12,2020-11-15
1131,2020-11-12,500000059,502,2020-11-12,2020-11-14
1132,2020-11-13,500000039,105,2020-11-13,2020-11-17
1133,2020-11-13,500000095,507,2020-11-13,2020-11-18
1134,2020-11-13,500000097,601,2020-11-13,2021-02-17
1135,2020-11-13,500000104,207,2020-11-13,2020-11-17
1136,2020-11-13,500000108,509,2020-11-13,2020-11-16
1137,2020-11-13,500000019,608,2020-11-13,2020-11-20
1138,2020-11-14,500000041,402,2020-11-14,2020-11-17
1139,2020-11-14,500000100,609,2020-11-14,2020-11-17
1140,2020-11-14,500000015,209,2020-11-14,2020-11-18
1141,2020-11-15,500000064,408,2020-11-15,2020-11-18
1142,2020-11-15,500000080,304,2020-11-15,2020-11-18
1143,2020-11-16,500000089,307,2020-11-16,2020-11-19
1144,2020-11-16,500000094,301,2020-11-16,2020-11-19
1145,2020-11-16,500000065,108,2020-11-16,2020-11-19
1146,2020-11-16,500000058,405,2020-11-16,2020-11-19
1147,2020-11-16,500000020,107,2020-11-16,2020-11-20
1148,2020-11-16,500000028,205,2020-11-16,2020-11-19
1149,2020-11-16,500000105,103,2020-11-16,2020-11-19
1150,2020-11-17,500000030,101,2020-11-17,2020-11-20
1151,2020-11-18,500000016,409,2020-11-18,2020-11-21
1152,2020-11-19,500000082,508,2020-11-19,2020-11-24
1153,2020-11-19,500000096,607,2020-11-19,2020-11-22
1154,2020-11-19,500000021,303,2020-11-19,2020-11-24
1155,2020-11-19,500000025,410,2020-11-19,2020-11-22
1156,2020-11-19,500000093,604,2020-11-19,2020-11-24
1157,2020-11-19,500000040,610,2020-11-19,2020-11-23
1158,2020-11-19,500000104,404,2020-11-19,2020-11-23
1159,2020-11-19,500000067,401,2020-11-19,2020-11-22
1160,2020-11-20,500000080,405,2020-11-20,2020-11-24
1161,2020-11-20,500000107,305,2020-11-20,2020-11-23
1162,2020-11-20,500000053,310,2020-11-20,2020-11-23
1163,2020-11-20,500000022,108,2020-11-20,2020-11-23
1164,2020-11-20,500000042,307,2020-11-20,2020-11-24
1165,2020-11-21,500000074,106,2020-11-21,2020-11-24
1166,2020-11-21,500000102,203,2020-11-21,2020-11-25
1167,2020-11-21,500000050,403,2020-11-21,2020-11-24
1168,2020-11-21,500000108,202,2020-11-21,2020-11-24
1169,2020-11-21,500000018,507,2020-11-21,2020-11-24
1170,2020-11-22,500000038,209,2020-11-22,2020-11-26
1171,2020-11-22,500000028,103,2020-11-22,2020-11-25
1172,2020-11-23,500000058,502,2020-11-23,2020-11-27
1173,2020-11-23,500000075,406,2020-11-23,2020-11-27
1174,2020-11-23,500000062,408,2020-11-23,2020-11-26
1175,2020-11-23,500000015,107,2020-11-23,2020-11-26
1176,2020-11-23,500000017,401,2020-11-23,2020-11-26
1177,2020-11-23,500000016,503,2020-11-23,2020-11-26
1178,2020-11-23,500000013,509,2020-11-23,2020-11-26
1179,2020-11-24,500000045,308,2020-11-24,2020-11-29
1180,2020-11-24,500000051,207,2020-11-24,2020-11-27
1181,2020-11-25,500000072,104,2020-11-25,2020-11-29
1182,2020-11-25,500000026,603,2020-11-25,2020-11-29
1183,2020-11-26,500000085,410,2020-11-26,2020-11-29
1184,2020-11-26,500000037,106,2020-11-26,2020-11-29
1185,2020-11-26,500000048,508,2020-11-26,2020-11-29
1186,2020-11-26,500000019,303,2020-11-26,2020-11-29
1187,2020-11-26,500000101,203,2020-11-26,2020-11-29
1188,2020-11-26,500000010,409,2020-11-26,2020-11-30
1189,2020-11-26,500000089,304,2020-11-26,2021-02-08
1190,2020-11-27,500000068,110,2020-11-27,2020-11-28
1191,2020-11-27,500000104,105,2020-11-27,2020-12-01
1192,2020-11-27,500000009,108,2020-11-27,2020-11-30
1193,2020-11-28,500000084,610,2020-11-28,2020-12-01
1194,2020-11-28,500000015,406,2020-11-28,2020-12-02
1195,2020-11-29,500000059,605,2020-11-29,2020-12-02
1196,2020-11-29,500000096,507,2020-11-29,2020-12-03
1197,2020-11-30,500000011,107,2020-11-30,2020-12-04
1198,2020-11-30,500000023,110,2020-11-30,2020-12-03
1199,2020-11-30,500000038,401,2020-11-30,2020-12-03
1200,2020-11-30,500000052,207,2020-11-30,2020-12-04
1201,2020-11-30,500000087,203,2020-11-30,2020-12-03
1202,2020-11-30,500000034,307,2020-11-30,2020-12-03
1203,2020-11-30,500000021,202,2020-11-30,2020-12-04
1204,2020-11-30,500000041,204,2020-11-30,2020-12-03
1205,2020-11-30,500000083,509,2020-11-30,2020-12-04
1206,2020-11-30,500000069,410,2020-11-30,2020-12-03
1207,2020-12-01,500000035,403,2020-12-01,2020-12-06
1208,2020-12-01,500000024,309,2020-12-01,2020-12-04
1209,2020-12-03,500000103,505,2020-12-03,2021-01-02
1210,2020-12-03,500000062,606,2020-12-03,2020-12-08
1211,2020-12-03,500000068,502,2020-12-03,2020-12-06
1212,2020-12-03,500000046,604,2020-12-03,2020-12-09
1213,2020-12-03,500000082,310,2020-12-03,2020-12-07
1214,2020-12-03,500000094,406,2020-12-03,2020-12-06
1215,2020-12-04,500000078,508,2020-12-04,2020-12-07
1216,2020-12-04,500000012,301,2020-12-04,2020-12-07
1217,2020-12-04,500000098,609,2020-12-04,2020-12-07
1218,2020-12-05,500000013,510,2020-12-05,2020-12-07
1219,2020-12-05,500000038,205,2020-12-05,2020-12-10
1220,2020-12-05,500000045,410,2020-12-05,2020-12-08
1221,2020-12-05,500000052,202,2020-12-05,2020-12-09
1222,2020-12-05,500000088,409,2020-12-05,2020-12-09
1223,2020-12-06,500000040,307,2020-12-06,2020-12-09
1224,2020-12-06,500000104,501,2020-12-06,2020-12-09
1225,2020-12-06,500000085,103,2020-12-06,2020-12-09
1226,2020-12-07,500000044,210,2020-12-07,2020-12-10
1227,2020-12-07,500000065,108,2020-12-07,2020-12-10
1228,2020-12-07,500000014,506,2020-12-07,2020-12-10
1229,2020-12-07,500000080,406,2020-12-07,2020-12-10
1230,2020-12-07,500000015,607,2020-12-07,2020-12-10
1231,2020-12-07,500000009,402,2020-12-07,2020-12-10
1232,2020-12-08,500000107,504,2020-12-08,2020-12-11
1233,2020-12-09,500000059,503,2020-12-09,2020-12-13
1234,2020-12-09,500000048,302,2020-12-09,2020-12-13
1235,2020-12-09,500000081,306,2020-12-09,2020-12-12
1236,2020-12-10,500000071,305,2020-12-10,2020-12-13
1237,2020-12-10,500000090,604,2020-12-10,2020-12-13
1238,2020-12-10,500000104,303,2020-12-10,2020-12-15
1239,2020-12-11,500000017,107,2020-12-11,2020-12-15
1240,2020-12-11,500000055,402,2020-12-11,2020-12-15
1241,2020-12-11,500000079,208,2020-12-11,2020-12-17
1242,2020-12-11,500000015,502,2020-12-11,2020-12-14
1243,2020-12-11,500000068,206,2020-12-11,2020-12-14
1244,2020-12-11,500000041,607,2020-12-11,2020-12-16
1245,2020-12-11,500000027,608,2020-12-11,2020-12-15
1246,2020-12-11,500000046,210,2020-12-11,2020-12-15
1247,2020-12-11,500000063,602,2020-12-11,2020-12-15
1248,2020-12-12,500000010,104,2020-12-12,2020-12-19
1249,2020-12-12,500000099,509,2020-12-12,2020-12-17
1250,2020-12-12,500000088,406,2020-12-12,2020-12-17
1251,2020-12-12,500000044,106,2020-12-12,2020-12-15
1252,2020-12-12,500000077,508,2020-12-12,2020-12-15
1253,2020-12-13,500000062,403,2020-12-13,2020-12-16
1254,2020-12-14,500000107,606,2020-12-14,2020-12-17
1255,2020-12-14,500000059,610,2020-12-14,2020-12-18
1256,2020-12-14,500000049,609,2020-12-14,2020-12-18
1257,2020-12-14,500000028,207,2020-12-14,2020-12-18
1258,2020-12-14,500000072,305,2020-12-14,2020-12-17
1259,2020-12-14,500000023,404,2020-12-14,2020-12-21
1260,2020-12-14,500000084,204,2020-12-14,2020-12-17
1261,2020-12-14,500000029,102,2020-12-14,2020-12-17
1262,2020-12-15,500000085,105,2020-12-15,2020-12-18
1263,2020-12-16,500000040,409,2020-12-16,2020-12-19
1264,2020-12-17,500000064,308,2020-12-17,2020-12-21
1265,2020-12-17,500000042,101,2020-12-17,2020-12-21
1266,2020-12-17,500000050,303,2020-12-17,2020-12-20
1267,2020-12-18,500000083,401,2020-12-18,2020-12-21
1268,2020-12-18,500000069,410,2020-12-18,2020-12-21
1269,2020-12-18,500000025,406,2020-12-18,2020-12-21
1270,2020-12-18,500000015,110,2020-12-18,2020-12-21
1271,2020-12-19,500000052,605,2020-12-19,2020-12-22
1272,2020-12-19,500000072,408,2020-12-19,2020-12-23
1273,2020-12-19,500000102,103,2020-12-19,2020-12-22
1274,2020-12-19,500000041,203,2020-12-19,2020-12-22
1275,2020-12-19,500000079,309,2020-12-19,2021-03-03
1276,2020-12-19,500000054,501,2020-12-19,2020-12-22
1277,2020-12-19,500000084,510,2020-12-19,2020-12-23
1278,2020-12-19,500000088,206,2020-12-19,2020-12-23
1279,2020-12-20,500000055,608,2020-12-20,2020-12-23
1280,2020-12-20,500000037,402,2020-12-20,2020-12-23
1281,2020-12-20,500000087,106,2020-12-20,2020-12-25
1282,2020-12-21,500000013,305,2020-12-21,2020-12-24
1283,2020-12-21,500000035,504,2020-12-21,2020-12-24
1284,2020-12-21,500000040,207,2020-12-21,2020-12-24
1285,2020-12-21,500000108,209,2020-12-21,2020-12-25
1286,2020-12-21,500000038,301,2020-12-21,2020-12-24
1287,2020-12-21,500000022,502,2020-12-21,2020-12-25
1288,2020-12-22,500000076,105,2020-12-22,2020-12-26
1289,2020-12-23,500000021,108,2020-12-23,2020-12-27
1290,2020-12-23,500000085,406,2020-12-23,2020-12-27
1291,2020-12-23,500000062,610,2020-12-23,2020-12-27
1292,2020-12-24,500000036,503,2020-12-24,2020-12-29
1293,2020-12-24,500000077,307,2020-12-24,2020-12-27
1294,2020-12-24,500000015,303,2020-12-24,2020-12-27
1295,2020-12-25,500000035,206,2020-12-25,2020-12-29
1296,2020-12-25,500000013,501,2020-12-25,2020-12-28
1297,2020-12-26,500000040,609,2020-12-26,2020-12-29
1298,2020-12-26,500000098,409,2020-12-26,2020-12-29
1299,2020-12-26,500000051,510,2020-12-26,2020-12-29
1300,2020-12-26,500000028,204,2020-12-26,2020-12-30
1301,2020-12-26,500000060,104,2020-12-26,2020-12-29
1302,2020-12-26,500000064,402,2020-12-26,2020-12-30
1303,2020-12-26,500000014,202,2020-12-26,2020-12-29
1304,2020-12-28,500000045,307,2020-12-28,2021-01-01
1305,2020-12-28,500000090,508,2020-12-28,2020-12-31
1306,2020-12-28,500000084,108,2020-12-28,2021-01-01
1307,2020-12-29,500000094,404,2020-12-29,2021-01-01
1308,2020-12-30,500000066,506,2020-12-30,2021-01-03
1309,2020-12-30,500000092,405,2020-12-30,2021-01-02
1310,2020-12-31,500000032,105,2020-12-31,2021-01-04
1311,2020-12-31,500000034,106,2020-12-31,2021-01-04
1312,2020-12-31,500000065,301,2020-12-31,2021-01-03
1313,2020-12-31,500000101,609,2020-12-31,2021-01-04
1314,2020-12-31,500000018,209,2020-12-31,2021-01-04
1315,2021-01-01,500000054,202,2021-01-01,2021-01-04
1316,2021-01-01,500000022,604,2021-01-01,2021-01-04
1317,2021-01-01,500000027,103,2021-01-01,2021-01-04
1318,2021-01-01,500000038,207,2021-01-01,2021-01-05
1319,2021-01-01,500000070,204,2021-01-01,2021-01-04
1320,2021-01-01,500000062,610,2021-01-01,2021-01-06
1321,2021-01-01,500000057,306,2021-01-01,2021-01-04
1322,2021-01-02,500000050,501,2021-01-02,2021-01-05
1323,2021-01-02,500000031,406,2021-01-02,2021-01-05
1324,2021-01-02,500000069,602,2021-01-02,2021-01-03
1325,2021-01-02,500000048,603,2021-01-02,2021-01-05
1326,2021-01-04,500000071,108,2021-01-04,2021-01-06
1327,2021-01-04,500000009,206,2021-01-04,2021-01-08
1328,2021-01-04,500000044,605,2021-01-04,2021-01-08
1329,2021-01-04,500000049,505,2021-01-04,2021-01-07
1330,2021-01-04,500000060,407,2021-01-04,2021-01-10
1331,2021-01-04,500000013,203,2021-01-04,2021-01-07
1332,2021-01-04,500000103,506,2021-01-04,2021-01-07
1333,2021-01-05,500000029,402,2021-01-05,2021-01-08
1334,2021-01-05,500000026,607,2021-01-05,2021-01-08
1335,2021-01-07,500000102,104,2021-01-07,2021-01-12
1336,2021-01-07,500000094,207,2021-01-07,2021-01-08
1337,2021-01-07,500000072,308,2021-01-07,2021-01-11
1338,2021-01-07,500000096,405,2021-01-07,2021-01-12
1339,2021-01-07,500000048,501,2021-01-07,2021-01-10
1340,2021-01-08,500000043,510,2021-01-08,2021-01-13
1341,2021-01-08,500000038,103,2021-01-08,2021-01-12
1342,2021-01-08,500000046,410,2021-01-08,2021-01-13
1343,2021-01-09,500000021,402,2021-01-09,2021-01-12
1344,2021-01-09,500000088,506,2021-01-09,2021-01-12
1345,2021-01-09,500000019,401,2021-01-09,2021-01-12
1346,2021-01-09,500000103,502,2021-01-09,2021-01-12
1347,2021-01-09,500000030,504,2021-01-09,2021-01-13
1348,2021-01-09,500000014,204,2021-01-09,2021-01-12
1349,2021-01-09,500000051,605,2021-01-09,2021-01-12
1350,2021-01-09,500000039,108,2021-01-09,2021-01-12
1351,2021-01-10,500000070,606,2021-01-10,2021-01-11
1352,2021-01-11,500000033,609,2021-01-11,2021-01-14
1353,2021-01-11,500000098,603,2021-01-11,2021-01-16
1354,2021-01-11,500000082,509,2021-01-11,2021-01-15
1355,2021-01-11,500000108,608,2021-01-11,2021-01-14
1356,2021-01-11,500000064,210,2021-01-11,2021-01-16
1357,2021-01-11,500000056,307,2021-01-11,2021-01-13
1358,2021-01-11,500000095,406,2021-01-11,2021-01-14
1359,2021-01-12,500000055,604,2021-01-12,2021-01-15
1360,2021-01-12,500000041,102,2021-01-12,2021-01-14
1361,2021-01-14,500000022,305,2021-01-14,2021-01-18
1362,2021-01-14,500000013,510,2021-01-14,2021-01-17
1363,2021-01-14,500000081,602,2021-01-14,2021-01-18
1364,2021-01-15,500000014,610,2021-01-15,2021-02-28
1365,2021-01-15,500000039,308,2021-01-15,2021-01-19
1366,2021-01-15,500000012,605,2021-01-15,2021-01-21
1367,2021-01-15,500000018,410,2021-01-15,2021-01-20
1368,2021-01-15,500000011,402,2021-01-15,2021-01-18
1369,2021-01-15,500000107,105,2021-01-15,2021-01-18
1370,2021-01-15,500000037,104,2021-01-15,2021-01-17
1371,2021-01-16,500000082,310,2021-01-16,2021-01-20
1372,2021-01-16,500000059,205,2021-01-16,2021-01-20
1373,2021-01-16,500000066,509,2021-01-16,2021-01-20
1374,2021-01-17,500000103,101,2021-01-17,2021-01-21
1375,2021-01-18,500000061,103,2021-01-18,2021-04-02
1376,2021-01-18,500000101,303,2021-01-18,2021-01-21
1377,2021-01-18,500000025,507,2021-01-18,2021-01-22
1378,2021-01-18,500000030,608,2021-01-18,2021-01-25
1379,2021-01-18,500000056,110,2021-01-18,2021-01-21
1380,2021-01-18,500000076,510,2021-01-18,2021-01-20
1381,2021-01-18,500000020,208,2021-01-18,2021-01-21
1382,2021-01-18,500000031,607,2021-01-18,2021-01-22
1383,2021-01-18,500000091,502,2021-01-18,2021-01-22
1384,2021-01-19,500000085,210,2021-01-19,2021-01-22
1385,2021-01-19,500000042,505,2021-01-19,2021-01-23
1386,2021-01-20,500000083,405,2021-01-20,2021-03-07
1387,2021-01-20,500000087,402,2021-01-20,2021-01-23
1388,2021-01-21,500000102,205,2021-01-21,2021-01-24
1389,2021-01-21,500000082,209,2021-01-21,2021-01-24
1390,2021-01-21,500000104,310,2021-01-21,2021-01-24
1391,2021-01-21,500000090,308,2021-01-21,2021-04-25
1392,2021-01-21,500000045,301,2021-01-21,2021-01-24
1393,2021-01-22,500000086,104,2021-01-22,2021-01-25
1394,2021-01-22,500000056,108,2021-01-22,2021-01-27
1395,2021-01-22,500000067,508,2021-01-22,2021-01-25
1396,2021-01-22,500000055,506,2021-01-22,2021-01-27
1397,2021-01-23,500000037,109,2021-01-23,2021-01-26
1398,2021-01-23,500000040,106,2021-01-23,2021-01-27
1399,2021-01-23,500000081,207,2021-01-23,2021-01-29
1400,2021-01-24,500000076,306,2021-01-24,2021-01-27
1401,2021-01-25,500000051,503,2021-01-25,2021-01-28
1402,2021-01-25,500000025,205,2021-01-25,2021-01-29
1403,2021-01-25,500000044,302,2021-01-25,2021-01-28
1404,2021-01-25,500000027,410,2021-01-25,2021-01-28
1405,2021-01-25,500000073,208,2021-01-25,2021-01-28
1406,2021-01-25,500000096,606,2021-01-25,2021-04-25
1407,2021-01-25,500000108,206,2021-01-25,2021-01-28
1408,2021-01-25,500000078,609,2021-01-25,2021-01-28
1409,2021-01-28,500000065,403,2021-01-28,2021-01-31
1410,2021-01-28,500000037,404,2021-01-28,2021-01-31
1411,2021-01-28,500000076,510,2021-01-28,2021-01-31
1412,2021-01-28,500000056,306,2021-01-28,2021-01-30
1413,2021-01-28,500000075,509,2021-01-28,2021-02-01
1414,2021-01-28,500000031,605,2021-01-28,2021-01-31
1415,2021-01-28,500000016,204,2021-01-28,2021-02-01
1416,2021-01-28,500000058,608,2021-01-28,2021-01-31
1417,2021-01-29,500000012,504,2021-01-29,2021-02-01
1418,2021-01-29,500000101,508,2021-01-29,2021-02-01
1419,2021-01-29,500000095,503,2021-01-29,2021-02-01
1420,2021-01-29,500000105,206,2021-01-29,2021-02-02
1421,2021-01-29,500000098,507,2021-01-29,2021-02-01
1422,2021-01-30,500000085,108,2021-01-30,2021-02-04
1423,2021-01-30,500000046,410,2021-01-30,2021-02-05
1424,2021-01-30,500000038,506,2021-01-30,2021-02-02
1425,2021-01-30,500000073,409,2021-01-30,2021-02-04
1426,2021-01-30,500000036,607,2021-01-30,2021-02-02
1427,2021-01-30,500000029,502,2021-01-30,2021-02-04
1428,2021-01-30,500000099,604,2021-01-30,2021-02-02
1429,2021-02-01,500000108,402,2021-02-01,2021-03-08
1430,2021-02-01,500000082,305,2021-02-01,2021-02-04
1431,2021-02-01,500000054,404,2021-02-01,2021-02-04
1432,2021-02-01,500000066,407,2021-02-01,2021-02-05
1433,2021-02-01,500000068,109,2021-02-01,2021-02-04
1434,2021-02-01,500000104,501,2021-02-01,2021-02-04
1435,2021-02-01,500000106,307,2021-02-01,2021-02-04
1436,2021-02-02,500000081,110,2021-02-02,2021-02-06
1437,2021-02-03,500000072,208,2021-02-03,2021-02-07
1438,2021-02-03,500000013,605,2021-02-03,2021-02-06
1439,2021-02-04,500000010,608,2021-02-04,2021-02-07
1440,2021-02-04,500000037,403,2021-02-04,2021-02-07
1441,2021-02-04,500000009,509,2021-02-04,2021-02-08
1442,2021-02-04,500000062,506,2021-02-04,2021-02-08
1443,2021-02-04,500000012,310,2021-02-04,2021-02-08
1444,2021-02-05,500000063,404,2021-02-05,2021-02-08
1445,2021-02-05,500000080,406,2021-02-05,2021-02-07
1446,2021-02-05,500000049,205,2021-02-05,2021-02-09
1447,2021-02-06,500000093,107,2021-02-06,2021-02-11
1448,2021-02-06,500000032,301,2021-02-06,2021-02-10
1449,2021-02-06,500000060,504,2021-02-06,2021-02-09
1450,2021-02-06,500000017,401,2021-02-06,2021-02-09
1451,2021-02-06,500000087,201,2021-02-06,2021-02-09
1452,2021-02-06,500000035,209,2021-02-06,2021-02-10
1453,2021-02-08,500000010,105,2021-02-08,2021-02-13
1454,2021-02-08,500000081,202,2021-02-08,2021-02-11
1455,2021-02-08,500000086,207,2021-02-08,2021-02-11
1456,2021-02-08,500000024,503,2021-02-08,2021-02-12
1457,2021-02-08,500000077,409,2021-02-08,2021-02-11
1458,2021-02-08,500000031,505,2021-02-08,2021-02-12
1459,2021-02-08,500000058,305,2021-02-08,2021-02-11
1460,2021-02-09,500000036,604,2021-02-09,2021-02-12
1461,2021-02-10,500000102,106,2021-02-10,2021-02-14
1462,2021-02-11,500000033,302,2021-02-11,2021-02-15
1463,2021-02-11,500000049,208,2021-02-11,2021-02-16
1464,2021-02-11,500000076,303,2021-02-11,2021-02-14
1465,2021-02-11,500000012,310,2021-02-11,2021-02-14
1466,2021-02-11,500000089,609,2021-02-11,2021-02-15
1467,2021-02-11,500000059,509,2021-02-11,2021-02-15
1468,2021-02-11,500000013,602,2021-02-11,2021-02-18
1469,2021-02-11,500000057,408,2021-02-11,2021-02-15
1470,2021-02-11,500000072,204,2021-02-11,2021-02-14
1471,2021-02-12,500000064,202,2021-02-12,2021-02-16
1472,2021-02-12,500000029,307,2021-02-12,2021-02-17
1473,2021-02-12,500000011,407,2021-02-12,2021-02-15
1474,2021-02-12,500000092,102,2021-02-12,2021-02-16
1475,2021-02-13,500000046,210,2021-02-13,2021-02-17
1476,2021-02-13,500000016,501,2021-02-13,2021-02-16
1477,2021-02-13,500000044,203,2021-02-13,2021-02-16
1478,2021-02-15,500000076,201,2021-02-15,2021-02-18
1479,2021-02-15,500000009,409,2021-02-15,2021-02-19
1480,2021-02-15,500000021,106,2021-02-15,2021-02-18
1481,2021-02-15,500000086,306,2021-02-15,2021-02-18
1482,2021-02-15,500000025,310,2021-02-15,2021-02-19
1483,2021-02-15,500000058,607,2021-02-15,2021-02-18
1484,2021-02-15,500000069,504,2021-02-15,2021-04-16
1485,2021-02-15,500000026,502,2021-02-15,2021-02-19
1486,2021-02-16,500000010,608,2021-02-16,2021-02-21
1487,2021-02-16,500000107,107,2021-02-16,2021-02-20
1488,2021-02-16,500000059,301,2021-02-16,2021-02-18
1489,2021-02-17,500000106,603,2021-02-17,2021-02-21
1490,2021-02-17,500000065,110,2021-02-17,2021-02-20
1491,2021-02-18,500000050,505,2021-02-18,2021-02-23
1492,2021-02-18,500000024,510,2021-02-18,2021-02-22
1493,2021-02-18,500000089,601,2021-02-18,2021-02-21
1494,2021-02-18,500000029,404,2021-02-18,2021-02-21
1495,2021-02-18,500000082,507,2021-02-18,2021-02-23
1496,2021-02-18,500000020,407,2021-02-18,2021-02-24
1497,2021-02-18,500000066,102,2021-02-18,2021-02-21
1498,2021-02-18,500000080,605,2021-02-18,2021-02-22
1499,2021-02-18,500000081,406,2021-02-18,2021-02-21
1500,2021-02-19,500000022,307,2021-02-19,2021-02-26
1501,2021-02-20,500000047,205,2021-02-20,2021-02-23
1502,2021-02-20,500000068,306,2021-02-20,2021-02-23
1503,2021-02-20,500000012,202,2021-02-20,2021-02-24
1504,2021-02-21,500000065,501,2021-02-21,2021-02-24
1505,2021-02-21,500000032,104,2021-02-21,2021-02-24
1506,2021-02-22,500000029,110,2021-02-22,2021-02-23
1507,2021-02-22,500000095,209,2021-02-22,2021-02-25
1508,2021-02-22,500000086,302,2021-02-22,2021-02-26
1509,2021-02-22,500000081,305,2021-02-22,2021-02-26
1510,2021-02-22,500000102,601,2021-02-22,2021-02-25
1511,2021-02-22,500000015,203,2021-02-22,2021-02-26
1512,2021-02-23,500000104,102,2021-02-23,2021-02-26
1513,2021-02-24,500000035,201,2021-02-24,2021-03-01
1514,2021-02-24,500000063,608,2021-02-24,2021-02-27
1515,2021-02-24,500000055,301,2021-02-24,2021-04-23
1516,2021-02-25,500000050,202,2021-02-25,2021-02-28
1517,2021-02-25,500000059,505,2021-02-25,2021-02-28
1518,2021-02-25,500000028,603,2021-02-25,2021-02-28
1519,2021-02-25,500000064,105,2021-02-25,2021-02-28
1520,2021-02-26,500000106,501,2021-02-26,2021-03-01
1521,2021-02-26,500000056,407,2021-02-26,2021-03-02
1522,2021-02-26,500000030,104,2021-02-26,2021-03-01
1523,2021-02-26,500000101,509,2021-02-26,2021-03-02
1524,2021-02-26,500000051,406,2021-02-26,2021-03-01
1525,2021-02-27,500000033,307,2021-02-27,2021-03-04
1526,2021-02-27,500000067,303,2021-02-27,2021-03-02
1527,2021-02-27,500000041,205,2021-02-27,2021-03-02
1528,2021-02-27,500000022,208,2021-02-27,2021-03-02
1529,2021-02-27,500000016,306,2021-02-27,2021-03-03
1530,2021-03-01,500000076,206,2021-03-01,2021-03-05
1531,2021-03-01,500000009,602,2021-03-01,2021-03-04
1532,2021-03-01,500000012,503,2021-03-01,2021-03-04
1533,2021-03-01,500000052,610,2021-03-01,2021-03-05
1534,2021-03-03,500000023,509,2021-03-03,2021-03-08
1535,2021-03-03,500000089,102,2021-03-03,2021-05-16
1536,2021-03-04,500000043,310,2021-03-04,2021-03-07
1537,2021-03-04,500000034,609,2021-03-04,2021-03-26
1538,2021-03-04,500000071,305,2021-03-04,2021-03-07
1539,2021-03-04,500000054,303,2021-03-04,2021-03-09
1540,2021-03-05,500000020,508,2021-03-05,2021-03-08
1541,2021-03-05,500000026,203,2021-03-05,2021-03-08
1542,2021-03-05,500000046,403,2021-03-05,2021-03-09
1543,2021-03-05,500000065,307,2021-03-05,2021-03-10
1544,2021-03-05,500000066,505,2021-03-05,2021-03-09
1545,2021-03-05,500000040,502,2021-03-05,2021-03-08
1546,2021-03-05,500000022,510,2021-03-05,2021-03-09
1547,2021-03-05,500000100,506,2021-03-05,2021-03-08
1548,2021-03-06,500000107,201,2021-03-06,2021-03-09
1549,2021-03-06,500000063,401,2021-03-06,2021-03-11
1550,2021-03-07,500000016,610,2021-03-07,2021-03-09
1551,2021-03-07,500000095,109,2021-03-07,2021-03-10
1552,2021-03-07,500000056,202,2021-03-07,2021-03-12
1553,2021-03-08,500000072,305,2021-03-08,2021-03-11
1554,2021-03-08,500000073,304,2021-03-08,2021-03-12
1555,2021-03-08,500000081,206,2021-03-08,2021-03-11
1556,2021-03-08,500000044,110,2021-03-08,2021-03-12
1557,2021-03-09,500000026,407,2021-03-09,2021-03-12
1558,2021-03-10,500000013,306,2021-03-10,2021-03-14
1559,2021-03-10,500000027,605,2021-03-10,2021-03-12
1560,2021-03-10,500000094,209,2021-03-10,2021-03-13
1561,2021-03-11,500000095,510,2021-03-11,2021-03-15
1562,2021-03-11,500000104,502,2021-03-11,2021-03-14
1563,2021-03-11,500000046,201,2021-03-11,2021-03-14
1564,2021-03-11,500000065,408,2021-03-11,2021-03-15
1565,2021-03-11,500000067,501,2021-03-11,2021-03-14
1566,2021-03-11,500000097,303,2021-03-11,2021-03-15
1567,2021-03-12,500000066,410,2021-03-12,2021-03-16
1568,2021-03-12,500000016,305,2021-03-12,2021-03-15
1569,2021-03-12,500000092,101,2021-03-12,2021-03-16
1570,2021-03-12,500000078,610,2021-03-12,2021-03-15
1571,2021-03-12,500000037,604,2021-03-12,2021-03-16
1572,2021-03-12,500000051,310,2021-03-12,2021-03-14
1573,2021-03-12,500000098,309,2021-03-12,2021-03-15
1574,2021-03-12,500000107,601,2021-03-12,2021-03-15
1575,2021-03-13,500000048,409,2021-03-13,2021-03-17
1576,2021-03-14,500000014,210,2021-03-14,2021-03-16
1577,2021-03-14,500000085,105,2021-03-14,2021-03-17
1578,2021-03-15,500000063,207,2021-03-15,2021-03-21
1579,2021-03-15,500000087,502,2021-03-15,2021-03-18
1580,2021-03-15,500000045,209,2021-03-15,2021-03-20
1581,2021-03-15,500000104,507,2021-03-15,2021-03-18
1582,2021-03-15,500000018,509,2021-03-15,2021-03-19
1583,2021-03-15,500000046,106,2021-03-15,2021-04-25
1584,2021-03-15,500000058,306,2021-03-15,2021-03-20
1585,2021-03-15,500000079,603,2021-03-15,2021-03-19
1586,2021-03-16,500000103,510,2021-03-16,2021-03-21
1587,2021-03-16,500000077,505,2021-03-16,2021-03-21
1588,2021-03-16,500000105,108,2021-03-16,2021-03-19
1589,2021-03-18,500000037,508,2021-03-18,2021-03-21
1590,2021-03-18,500000071,107,2021-03-18,2021-03-21
1591,2021-03-18,500000027,204,2021-03-18,2021-03-24
1592,2021-03-18,500000043,602,2021-03-18,2021-03-22
1593,2021-03-18,500000072,201,2021-03-18,2021-03-21
1594,2021-03-18,500000080,105,2021-03-18,2021-03-22
1595,2021-03-19,500000067,601,2021-03-19,2021-03-22
1596,2021-03-19,500000099,101,2021-03-19,2021-03-24
1597,2021-03-19,500000104,303,2021-03-19,2021-03-22
1598,2021-03-19,500000016,302,2021-03-19,2021-03-22
1599,2021-03-19,500000084,110,2021-03-19,2021-03-23
1600,2021-03-19,500000039,305,2021-03-19,2021-03-22
1601,2021-03-19,500000074,610,2021-03-19,2021-03-22
1602,2021-03-20,500000048,205,2021-03-20,2021-03-23
1603,2021-03-20,500000044,407,2021-03-20,2021-03-23
1604,2021-03-20,500000068,409,2021-03-20,2021-03-23
1605,2021-03-20,500000023,607,2021-03-20,2021-05-18
1606,2021-03-20,500000083,503,2021-03-20,2021-03-23
1607,2021-03-21,500000033,502,2021-03-21,2021-03-26
1608,2021-03-21,500000024,604,2021-03-21,2021-03-24
1609,2021-03-22,500000070,408,2021-03-22,2021-03-27
1610,2021-03-22,500000049,104,2021-03-22,2021-03-26
1611,2021-03-22,500000094,401,2021-03-22,2021-03-26
1612,2021-03-22,500000018,107,2021-03-22,2021-03-25
1613,2021-03-22,500000037,203,2021-03-22,2021-03-26
